CustomerID,Age,Gender,CityTier,TenureMonths,PreferredCategory,SatisfactionScore,OrderCount,TotalSpend,DaysSinceLastOrder,Complain,CashbackAmount,ChurnStatus
CUST-1000,56,Female,1,15,Electronics,4,10,699.42,11,0,199.73,0
CUST-1001,69,Female,2,28,Electronics,2,15,1420.3,9,1,82.03,0
CUST-1002,46,Female,2,18,Electronics,4,17,1296.66,90,0,90.28,1
CUST-1003,32,Other,1,34,Fashion,4,21,1660.61,47,1,245.2,0
CUST-1004,60,Female,2,22,Electronics,4,9,486.18,13,0,210.11,0
CUST-1005,25,Female,3,11,Books & Media,1,11,874.31,50,0,282.26,0
CUST-1006,38,Female,2,58,Fashion,2,24,3229.56,1,1,187.18,0
CUST-1007,56,Male,2,57,Electronics,2,32,2291.5,26,0,359.56,0
CUST-1008,36,Male,3,13,Home & Kitchen,3,7,354.13,10,0,438.78,0
CUST-1009,40,Female,1,4,Beauty & Care,4,2,227.49,4,0,184.49,0
CUST-1010,28,Female,2,22,Home & Kitchen,4,4,402.8,75,0,136.84,0
CUST-1011,28,Female,3,7,Electronics,4,3,274.14,7,0,102.28,0
CUST-1012,41,Male,1,43,Beauty & Care,5,19,863.37,60,1,327.31,1
CUST-1013,53,Female,2,54,Home & Kitchen,4,18,894.63,18,0,249.74,0
CUST-1014,57,Male,2,24,Electronics,3,10,388.8,1,0,134.61,0
CUST-1015,41,Male,2,4,Electronics,2,4,391.78,46,1,343.91,1
CUST-1016,20,Female,2,28,Fashion,4,12,1387.15,31,0,116.82,0
CUST-1017,39,Female,3,15,Electronics,2,15,1484.37,14,0,299.44,0
CUST-1018,19,Female,2,1,Beauty & Care,1,1,143.5,11,0,287.22,0
CUST-1019,41,Female,1,55,Fashion,3,29,2080.54,2,1,380.4,0
CUST-1020,61,Male,3,3,Beauty & Care,4,6,451.74,99,0,74.8,1
CUST-1021,47,Female,1,14,Fashion,1,9,793.77,23,0,449.54,1
CUST-1022,55,Male,1,38,Electronics,4,16,1249.84,3,0,366.35,0
CUST-1023,19,Female,2,50,Electronics,4,16,1599.38,71,0,147.26,0
CUST-1024,38,Female,2,57,Fashion,3,20,1316.23,11,0,132.53,0
CUST-1025,50,Female,1,1,Home & Kitchen,1,1,43.16,7,0,244.25,0
CUST-1026,29,Female,3,38,Home & Kitchen,2,19,595.08,11,0,417.9,0
CUST-1027,39,Female,2,38,Electronics,4,17,1690.06,29,1,429.33,0
CUST-1028,61,Female,2,21,Electronics,4,12,830.67,2,0,284.21,0
CUST-1029,42,Male,1,48,Electronics,5,17,848.53,23,0,437.36,0
CUST-1030,66,Male,3,29,Home & Kitchen,3,18,1195.71,79,0,52.45,1
CUST-1031,44,Male,3,5,Electronics,2,5,717.88,7,0,65.83,1
CUST-1032,59,Male,2,49,Fashion,2,26,1343.5,14,0,460.32,0
CUST-1033,45,Female,1,10,Fashion,4,3,320.45,17,0,398.9,0
CUST-1034,33,Female,1,28,Books & Media,2,10,976.33,30,0,252.82,0
CUST-1035,32,Male,1,21,Electronics,3,10,1252.43,88,0,389.12,0
CUST-1036,64,Male,1,50,Electronics,3,22,1788.76,17,0,480.04,0
CUST-1037,68,Male,1,7,Home & Kitchen,1,3,114.57,2,0,397.44,0
CUST-1038,61,Female,3,3,Fashion,2,3,344.33,14,0,429.07,1
CUST-1039,69,Female,2,45,Electronics,3,19,1472.6,7,0,392.27,0
CUST-1040,20,Male,1,47,Books & Media,2,16,1971.74,36,0,125.69,0
CUST-1041,54,Female,1,20,Beauty & Care,2,10,1094.79,1,0,425.11,0
CUST-1042,68,Female,1,19,Electronics,4,7,804.13,12,0,137.8,0
CUST-1043,24,Male,1,35,Electronics,4,14,2184.76,27,1,451.68,0
CUST-1044,38,Female,1,4,Fashion,2,3,280.38,11,0,256.39,0
CUST-1045,26,Female,1,5,Home & Kitchen,4,4,513.14,28,0,354.64,0
CUST-1046,56,Male,2,1,Electronics,3,1,72.85,4,0,273.76,0
CUST-1047,35,Male,3,4,Home & Kitchen,3,2,202.44,100,0,92.3,1
CUST-1048,21,Male,1,12,Home & Kitchen,5,8,559.46,12,0,180.83,0
CUST-1049,42,Male,1,60,Electronics,4,25,2484.43,89,1,492.68,0
CUST-1050,31,Female,3,27,Home & Kitchen,4,13,1251.17,13,0,482.32,0
CUST-1051,67,Female,1,56,Books & Media,2,26,602.76,53,1,194.22,0
CUST-1052,26,Male,1,42,Electronics,1,21,1399.61,9,1,498.33,1
CUST-1053,43,Male,3,23,Electronics,5,14,1286.73,38,0,430.5,0
CUST-1054,19,Male,1,25,Fashion,3,10,200.0,13,0,324.93,0
CUST-1055,37,Male,2,21,Beauty & Care,2,9,739.12,24,0,68.06,0
CUST-1056,45,Female,2,58,Books & Media,4,26,2996.61,39,0,455.65,0
CUST-1057,64,Male,1,52,Fashion,4,15,1860.11,31,1,300.84,0
CUST-1058,24,Male,1,24,Home & Kitchen,5,8,492.21,30,0,440.81,0
CUST-1059,61,Male,2,25,Fashion,3,5,629.66,2,1,425.49,0
CUST-1060,25,Female,1,45,Fashion,5,20,2424.87,10,0,424.85,0
CUST-1061,64,Male,1,55,Electronics,1,32,658.02,29,1,364.18,1
CUST-1062,52,Female,2,46,Electronics,1,22,1946.42,1,1,181.14,0
CUST-1063,31,Male,2,32,Electronics,4,14,1285.1,10,0,201.27,0
CUST-1064,34,Female,1,55,Fashion,1,29,3786.35,9,0,188.81,0
CUST-1065,53,Female,3,32,Electronics,3,19,1778.24,10,0,59.02,0
CUST-1066,67,Male,1,5,Beauty & Care,4,5,634.06,26,1,312.16,0
CUST-1067,57,Male,3,36,Electronics,3,23,1416.26,30,1,364.48,0
CUST-1068,21,Female,2,46,Electronics,2,15,555.88,83,0,434.24,1
CUST-1069,19,Female,2,42,Fashion,2,26,1704.69,17,0,113.07,0
CUST-1070,23,Male,2,49,Home & Kitchen,3,22,2910.81,91,0,294.88,0
CUST-1071,59,Female,3,42,Electronics,3,18,2030.0,36,1,53.6,0
CUST-1072,21,Female,1,58,Electronics,4,20,3093.48,85,0,92.79,0
CUST-1073,46,Female,2,39,Books & Media,4,13,542.1,62,1,74.4,1
CUST-1074,35,Male,1,16,Electronics,3,7,813.68,40,0,376.47,1
CUST-1075,43,Female,1,33,Electronics,4,13,1399.4,15,0,86.48,0
CUST-1076,61,Male,1,49,Beauty & Care,1,20,1528.81,9,0,372.4,0
CUST-1077,51,Female,3,21,Electronics,2,6,649.67,8,0,162.33,0
CUST-1078,27,Male,3,9,Fashion,4,2,178.4,106,0,444.97,1
CUST-1079,53,Male,1,6,Fashion,3,3,296.43,111,0,415.92,1
CUST-1080,31,Male,1,51,Electronics,5,26,2740.83,45,0,481.02,0
CUST-1081,48,Female,2,45,Electronics,3,22,2516.87,75,0,447.69,0
CUST-1082,65,Male,1,35,Electronics,4,19,1664.48,87,0,470.0,1
CUST-1083,32,Male,1,39,Electronics,3,19,2628.08,25,0,436.43,0
CUST-1084,25,Male,2,22,Electronics,3,9,706.75,34,1,362.02,0
CUST-1085,31,Female,2,41,Home & Kitchen,3,17,2405.72,18,0,126.62,0
CUST-1086,40,Female,3,54,Fashion,4,16,818.63,18,1,172.27,0
CUST-1087,57,Male,1,5,Fashion,3,2,110.9,1,0,145.73,0
CUST-1088,38,Female,1,42,Beauty & Care,5,21,1201.3,19,0,321.61,0
CUST-1089,33,Female,2,23,Home & Kitchen,2,6,682.23,39,0,276.63,1
CUST-1090,62,Female,2,17,Electronics,1,12,730.03,19,0,440.19,1
CUST-1091,35,Male,2,12,Books & Media,3,10,1297.04,72,0,478.7,1
CUST-1092,64,Male,2,23,Electronics,4,8,553.65,14,0,232.19,0
CUST-1093,41,Male,1,16,Electronics,5,10,969.79,4,0,277.86,0
CUST-1094,43,Male,3,3,Home & Kitchen,3,6,625.22,58,0,487.18,1
CUST-1095,42,Male,1,30,Fashion,4,16,872.44,39,0,174.31,0
CUST-1096,62,Female,1,57,Fashion,3,24,1038.64,9,0,406.58,0
CUST-1097,58,Male,2,22,Electronics,4,13,1215.32,26,0,151.36,0
CUST-1098,46,Male,1,9,Fashion,5,6,460.1,17,0,356.66,0
CUST-1099,32,Female,1,29,Electronics,2,14,1399.35,97,0,164.13,1
CUST-1100,62,Male,3,47,Beauty & Care,3,19,847.97,32,0,447.68,0
CUST-1101,18,Female,2,37,Electronics,5,11,817.27,6,0,302.67,0
CUST-1102,42,Female,2,23,Beauty & Care,5,17,1352.26,24,1,133.67,0
CUST-1103,24,Male,1,13,Fashion,3,9,180.0,69,1,150.97,1
CUST-1104,26,Female,2,32,Beauty & Care,3,15,1722.96,38,0,272.23,0
CUST-1105,41,Female,1,46,Home & Kitchen,2,26,1619.2,64,0,482.72,1
CUST-1106,18,Female,1,52,Home & Kitchen,3,28,3639.3,10,0,396.34,0
CUST-1107,61,Female,3,47,Electronics,4,15,963.23,76,0,269.74,0
CUST-1108,25,Female,2,48,Electronics,4,18,1248.48,49,0,201.97,0
CUST-1109,41,Female,2,23,Electronics,2,12,572.91,45,0,297.17,0
CUST-1110,28,Male,1,45,Beauty & Care,2,20,2387.97,14,0,386.76,0
CUST-1111,68,Male,3,17,Beauty & Care,2,14,1380.75,76,0,402.77,1
CUST-1112,34,Male,2,55,Fashion,2,17,2159.07,35,0,196.07,0
CUST-1113,25,Female,2,40,Electronics,1,16,1260.47,66,0,374.52,1
CUST-1114,52,Male,2,21,Fashion,3,12,1004.98,15,0,346.0,0
CUST-1115,52,Female,1,2,Fashion,1,5,172.7,5,0,481.6,0
CUST-1116,50,Female,1,37,Fashion,2,21,1391.85,14,0,468.99,0
CUST-1117,22,Female,2,6,Home & Kitchen,3,5,450.57,21,0,405.22,0
CUST-1118,59,Female,1,44,Books & Media,2,23,2222.17,26,0,375.53,0
CUST-1119,56,Female,1,18,Electronics,1,11,1536.9,25,0,173.32,1
CUST-1120,58,Female,3,30,Fashion,3,13,383.13,27,0,430.68,0
CUST-1121,45,Male,2,22,Fashion,2,6,551.3,64,1,242.38,1
CUST-1122,24,Female,2,54,Electronics,3,30,2211.39,6,0,172.51,0
CUST-1123,26,Male,2,33,Electronics,1,15,1308.98,13,1,222.87,1
CUST-1124,25,Male,2,30,Electronics,4,18,1585.47,76,0,426.17,0
CUST-1125,29,Female,1,17,Beauty & Care,5,9,713.38,28,0,116.88,0
CUST-1126,51,Female,1,43,Fashion,4,16,816.11,30,0,255.27,0
CUST-1127,50,Male,1,32,Fashion,3,19,863.3,22,0,271.56,0
CUST-1128,65,Female,1,42,Beauty & Care,5,20,1541.05,27,0,66.48,0
CUST-1129,40,Female,2,51,Home & Kitchen,4,24,1017.16,7,0,138.09,0
CUST-1130,41,Female,1,14,Electronics,1,14,1142.58,27,0,422.03,0
CUST-1131,54,Female,2,58,Fashion,3,26,2012.37,180,1,423.85,1
CUST-1132,52,Female,1,10,Fashion,5,6,120.0,29,0,181.59,0
CUST-1133,61,Other,1,47,Home & Kitchen,3,16,2288.13,1,0,443.7,0
CUST-1134,57,Female,1,60,Home & Kitchen,1,25,2182.94,55,0,397.3,0
CUST-1135,39,Female,1,51,Home & Kitchen,4,27,540.0,17,0,238.06,0
CUST-1136,44,Female,1,36,Electronics,4,18,1663.45,5,1,386.78,0
CUST-1137,52,Female,1,34,Beauty & Care,2,17,1341.27,69,1,482.6,1
CUST-1138,18,Male,1,9,Electronics,3,5,227.34,7,1,256.54,1
CUST-1139,52,Male,2,42,Electronics,2,27,2545.54,88,0,157.29,0
CUST-1140,54,Male,1,28,Electronics,4,10,567.35,20,0,473.82,0
CUST-1141,64,Male,1,11,Electronics,2,5,453.95,47,0,321.68,1
CUST-1142,31,Female,2,14,Electronics,3,7,447.68,27,1,97.37,1
CUST-1143,20,Female,1,39,Beauty & Care,4,8,462.66,10,0,307.71,0
CUST-1144,18,Female,3,55,Books & Media,3,18,1521.61,38,0,275.26,0
CUST-1145,22,Male,2,47,Electronics,4,23,835.76,110,0,435.02,0
CUST-1146,43,Female,1,54,Electronics,3,29,2393.19,51,0,288.81,0
CUST-1147,31,Female,2,19,Electronics,2,11,1151.89,32,0,164.85,0
CUST-1148,56,Female,1,54,Electronics,4,24,2954.84,163,0,354.04,0
CUST-1149,44,Female,2,15,Electronics,2,7,823.6,10,1,294.16,1
CUST-1150,26,Female,1,28,Books & Media,3,15,1884.0,2,1,154.87,0
CUST-1151,32,Male,3,24,Electronics,2,10,713.59,1,0,308.13,0
CUST-1152,32,Female,1,8,Fashion,4,7,379.83,43,0,419.69,1
CUST-1153,43,Male,2,43,Electronics,5,19,2079.75,62,1,62.86,0
CUST-1154,59,Male,2,9,Beauty & Care,5,3,208.48,35,1,333.88,1
CUST-1155,30,Female,1,47,Home & Kitchen,3,24,2044.51,82,0,207.31,0
CUST-1156,68,Male,1,33,Books & Media,2,10,1074.06,41,0,181.7,0
CUST-1157,49,Female,2,33,Home & Kitchen,3,13,1893.23,16,0,226.66,0
CUST-1158,56,Male,3,19,Electronics,4,6,605.18,6,1,203.91,1
CUST-1159,66,Female,1,3,Electronics,2,2,182.31,90,0,424.51,1
CUST-1160,69,Male,2,10,Home & Kitchen,5,10,513.67,3,0,173.66,0
CUST-1161,49,Female,3,40,Fashion,3,22,2641.77,27,0,379.92,0
CUST-1162,21,Female,3,47,Fashion,5,18,1750.67,13,1,92.33,0
CUST-1163,47,Male,1,42,Electronics,4,22,1640.89,11,0,478.13,0
CUST-1164,54,Female,2,1,Electronics,4,3,214.46,36,0,330.04,0
CUST-1165,40,Other,1,29,Fashion,3,16,1164.71,9,0,368.02,0
CUST-1166,56,Male,3,50,Fashion,1,18,1553.74,86,0,184.12,1
CUST-1167,62,Male,2,34,Home & Kitchen,3,17,700.91,18,0,235.44,0
CUST-1168,32,Female,1,51,Electronics,3,23,2795.44,39,0,150.7,0
CUST-1169,60,Female,2,13,Fashion,1,14,1624.56,45,0,469.64,0
CUST-1170,46,Female,1,54,Electronics,3,24,1919.41,40,1,269.65,0
CUST-1171,53,Female,3,1,Electronics,3,1,72.86,81,0,333.7,1
CUST-1172,30,Male,3,34,Fashion,4,19,1601.79,9,0,380.42,0
CUST-1173,49,Male,2,29,Electronics,4,12,1072.76,3,0,217.0,0
CUST-1174,24,Female,1,48,Electronics,2,16,1215.95,1,0,374.05,0
CUST-1175,68,Male,2,47,Electronics,5,21,2414.42,73,0,354.2,0
CUST-1176,39,Male,1,13,Electronics,2,11,465.04,126,1,367.55,1
CUST-1177,45,Female,1,48,Electronics,3,23,1463.76,12,0,270.15,0
CUST-1178,19,Female,3,49,Electronics,3,27,2922.95,41,0,222.32,0
CUST-1179,59,Female,1,53,Electronics,4,31,2936.58,1,1,149.94,0
CUST-1180,62,Female,1,29,Electronics,1,12,775.37,7,0,421.08,0
CUST-1181,23,Female,3,39,Fashion,3,18,1746.25,40,1,323.76,1
CUST-1182,45,Female,1,24,Electronics,4,10,612.11,2,0,249.96,0
CUST-1183,45,Female,1,26,Electronics,2,8,605.57,22,0,474.8,0
CUST-1184,61,Male,3,17,Electronics,4,12,1395.74,38,0,71.53,0
CUST-1185,61,Male,1,7,Home & Kitchen,5,6,677.96,50,0,432.58,0
CUST-1186,37,Female,2,13,Beauty & Care,5,5,468.24,21,0,498.91,0
CUST-1187,47,Female,3,5,Home & Kitchen,1,3,160.4,34,0,449.12,1
CUST-1188,28,Male,3,26,Home & Kitchen,2,14,1031.38,27,0,414.7,0
CUST-1189,45,Male,2,49,Fashion,3,23,2021.56,1,1,218.44,0
CUST-1190,42,Male,1,3,Home & Kitchen,3,2,257.33,47,0,154.09,1
CUST-1191,56,Male,1,7,Fashion,2,4,126.12,6,1,380.68,1
CUST-1192,50,Female,3,58,Electronics,2,28,1647.4,1,0,187.06,0
CUST-1193,18,Male,3,49,Electronics,5,26,3090.31,20,0,129.22,0
CUST-1194,44,Female,2,39,Electronics,5,15,1887.08,70,1,403.94,0
CUST-1195,69,Female,1,53,Beauty & Care,1,24,1989.81,5,0,190.64,0
CUST-1196,30,Female,1,1,Fashion,3,1,131.15,1,1,461.5,0
CUST-1197,58,Female,1,49,Home & Kitchen,3,18,1133.98,4,0,428.28,0
CUST-1198,20,Male,2,17,Electronics,2,6,238.34,15,0,431.44,0
CUST-1199,56,Female,1,43,Fashion,4,17,1848.02,30,0,397.21,0
CUST-1200,23,Male,3,25,Electronics,4,6,743.05,7,0,446.4,0
CUST-1201,25,Male,2,59,Electronics,5,15,1850.11,56,0,412.59,0
CUST-1202,44,Female,1,3,Beauty & Care,4,2,118.19,48,0,321.13,1
CUST-1203,26,Male,2,15,Fashion,3,7,636.87,41,0,183.12,0
CUST-1204,54,Male,1,29,Electronics,4,10,1101.95,23,0,449.69,0
CUST-1205,50,Female,2,53,Beauty & Care,2,25,2350.73,15,0,428.27,0
CUST-1206,68,Male,2,43,Electronics,3,10,1283.91,16,0,262.8,0
CUST-1207,59,Female,3,32,Books & Media,3,22,1602.67,24,0,67.59,0
CUST-1208,61,Male,3,26,Electronics,2,10,828.82,2,1,337.34,0
CUST-1209,41,Female,1,60,Electronics,2,29,2670.49,40,0,72.77,0
CUST-1210,32,Female,1,16,Electronics,2,6,659.86,15,0,466.83,0
CUST-1211,49,Female,2,25,Electronics,5,13,1029.16,8,1,482.73,0
CUST-1212,49,Female,1,54,Electronics,2,17,1917.99,11,0,135.27,0
CUST-1213,41,Male,1,28,Home & Kitchen,2,11,1464.53,6,1,354.38,1
CUST-1214,58,Female,1,9,Beauty & Care,3,6,416.75,81,0,91.52,1
CUST-1215,69,Male,2,56,Home & Kitchen,4,27,2161.63,6,0,378.28,0
CUST-1216,66,Female,1,56,Electronics,1,24,2736.79,75,0,206.28,0
CUST-1217,66,Male,2,1,Fashion,5,3,428.48,29,0,356.47,0
CUST-1218,69,Female,3,29,Electronics,5,18,1873.42,70,0,217.79,0
CUST-1219,29,Male,1,57,Electronics,3,28,1719.56,22,0,115.51,0
CUST-1220,56,Female,1,22,Home & Kitchen,4,7,636.62,91,1,232.75,1
CUST-1221,19,Female,1,16,Fashion,1,8,910.45,8,0,100.7,0
CUST-1222,20,Female,3,41,Electronics,3,22,1333.7,28,0,309.6,0
CUST-1223,66,Male,1,51,Electronics,4,14,737.08,4,0,68.43,0
CUST-1224,54,Female,1,44,Books & Media,1,19,1418.36,20,0,287.29,0
CUST-1225,66,Male,1,51,Electronics,2,24,2514.94,29,0,448.87,0
CUST-1226,34,Male,2,54,Fashion,3,27,1185.94,32,0,427.04,0
CUST-1227,66,Male,1,41,Fashion,2,23,1476.78,15,0,447.25,0
CUST-1228,19,Male,2,7,Electronics,5,3,279.63,2,0,464.92,0
CUST-1229,19,Female,3,14,Electronics,2,7,824.01,37,0,97.04,0
CUST-1230,45,Female,1,29,Fashion,4,9,843.36,23,1,107.94,0
CUST-1231,40,Male,3,19,Home & Kitchen,3,10,962.41,5,1,300.65,0
CUST-1232,54,Male,1,19,Fashion,4,9,1036.33,96,0,452.29,0
CUST-1233,49,Male,3,2,Home & Kitchen,3,1,132.92,109,0,488.46,1
CUST-1234,50,Male,2,41,Books & Media,3,20,2591.31,67,0,70.82,0
CUST-1235,18,Female,3,45,Home & Kitchen,5,21,498.94,64,0,210.1,0
CUST-1236,36,Male,1,15,Fashion,3,5,439.71,3,0,145.8,0
CUST-1237,19,Male,1,3,Fashion,3,4,449.5,175,0,390.18,1
CUST-1238,61,Male,1,11,Fashion,3,7,951.96,17,1,338.09,1
CUST-1239,43,Female,1,53,Home & Kitchen,4,29,3022.66,6,0,103.95,0
CUST-1240,49,Female,1,46,Fashion,3,17,1006.81,58,0,267.58,0
CUST-1241,23,Female,1,30,Home & Kitchen,5,16,1011.03,8,0,358.45,0
CUST-1242,49,Female,1,57,Electronics,2,24,1536.7,26,0,400.55,0
CUST-1243,21,Female,1,40,Fashion,3,18,1696.06,4,0,59.02,0
CUST-1244,28,Male,3,18,Electronics,4,8,564.84,22,0,450.71,0
CUST-1245,34,Female,2,51,Electronics,4,33,660.0,28,0,306.18,0
CUST-1246,55,Female,1,48,Electronics,5,19,943.38,20,0,415.36,0
CUST-1247,41,Female,1,2,Fashion,5,2,143.35,2,0,413.57,0
CUST-1248,22,Female,1,32,Fashion,3,15,661.88,23,0,135.43,0
CUST-1249,69,Female,3,8,Electronics,1,6,291.56,22,0,99.58,0
CUST-1250,51,Female,1,22,Fashion,1,16,2344.47,10,0,374.58,0
CUST-1251,23,Other,2,6,Fashion,4,1,84.74,89,0,120.39,1
CUST-1252,39,Female,3,12,Electronics,5,7,513.92,18,1,432.47,0
CUST-1253,28,Female,3,47,Home & Kitchen,2,17,1785.35,69,0,376.79,0
CUST-1254,65,Female,2,57,Home & Kitchen,2,31,3700.84,4,1,428.82,0
CUST-1255,33,Male,3,40,Home & Kitchen,1,17,2587.71,13,1,184.56,0
CUST-1256,50,Female,3,36,Fashion,4,19,2587.06,6,0,192.47,0
CUST-1257,26,Male,2,15,Fashion,3,10,980.44,18,0,352.05,0
CUST-1258,23,Female,2,28,Electronics,3,17,663.27,4,1,64.15,0
CUST-1259,33,Other,2,52,Electronics,3,20,1098.51,20,0,376.92,0
CUST-1260,46,Female,2,57,Electronics,4,21,1531.83,15,0,426.1,0
CUST-1261,20,Male,2,49,Books & Media,4,29,2905.71,8,1,236.82,0
CUST-1262,37,Male,1,45,Electronics,4,24,2107.91,35,0,394.2,0
CUST-1263,53,Male,1,18,Electronics,2,9,367.28,105,0,128.57,1
CUST-1264,36,Female,1,2,Beauty & Care,3,5,177.24,8,0,195.02,0
CUST-1265,43,Male,1,13,Books & Media,4,9,834.93,43,1,488.44,1
CUST-1266,20,Male,1,45,Home & Kitchen,5,19,1683.42,47,0,493.85,0
CUST-1267,36,Male,1,54,Electronics,2,22,1731.48,24,0,280.67,0
CUST-1268,37,Female,2,15,Electronics,1,9,895.39,79,0,470.42,1
CUST-1269,49,Female,1,20,Fashion,1,12,1468.85,118,0,285.23,1
CUST-1270,24,Male,3,29,Electronics,3,20,1886.04,15,0,181.21,0
CUST-1271,69,Male,1,59,Electronics,4,39,2213.27,36,0,170.1,0
CUST-1272,58,Female,1,42,Fashion,1,18,2564.22,37,0,468.28,0
CUST-1273,50,Female,2,29,Books & Media,3,8,637.69,18,0,127.6,0
CUST-1274,57,Female,2,3,Electronics,3,4,346.0,13,0,310.83,0
CUST-1275,56,Male,1,19,Home & Kitchen,1,12,784.68,94,0,299.99,1
CUST-1276,35,Female,3,3,Home & Kitchen,3,3,158.3,54,1,382.83,1
CUST-1277,57,Female,3,54,Electronics,2,23,1269.83,4,0,274.66,0
CUST-1278,18,Female,1,14,Home & Kitchen,3,7,340.31,4,0,172.53,0
CUST-1279,28,Female,1,40,Electronics,4,13,260.0,89,0,126.23,0
CUST-1280,45,Male,3,59,Electronics,3,26,2088.12,2,1,329.37,0
CUST-1281,42,Male,2,55,Home & Kitchen,2,17,2007.2,40,0,373.55,0
CUST-1282,67,Female,2,4,Electronics,5,4,221.88,9,0,306.28,0
CUST-1283,40,Female,3,59,Books & Media,4,29,4691.75,1,0,382.26,0
CUST-1284,48,Female,1,60,Electronics,4,28,3544.56,2,0,113.68,0
CUST-1285,47,Female,1,52,Fashion,1,27,2280.24,16,0,447.11,0
CUST-1286,59,Female,1,11,Fashion,1,12,620.01,2,0,312.08,0
CUST-1287,52,Female,2,58,Electronics,1,16,593.39,31,0,107.08,0
CUST-1288,24,Male,2,31,Electronics,2,16,1305.43,36,1,257.87,1
CUST-1289,33,Female,2,43,Fashion,3,17,1479.74,16,0,430.16,0
CUST-1290,43,Male,1,32,Beauty & Care,5,12,946.42,47,0,453.9,0
CUST-1291,65,Male,1,27,Beauty & Care,3,17,1990.35,23,0,169.09,0
CUST-1292,69,Other,2,30,Fashion,2,10,1299.12,19,1,370.07,0
CUST-1293,66,Male,2,43,Home & Kitchen,3,20,1983.6,18,0,94.99,0
CUST-1294,19,Male,2,2,Home & Kitchen,1,1,100.79,19,1,65.1,1
CUST-1295,18,Male,1,49,Home & Kitchen,4,20,1510.67,120,1,302.18,1
CUST-1296,65,Female,3,9,Fashion,3,3,254.56,40,0,362.67,0
CUST-1297,29,Male,1,28,Home & Kitchen,4,15,1460.24,13,0,408.1,0
CUST-1298,22,Male,3,31,Beauty & Care,5,18,1358.96,46,0,203.1,0
CUST-1299,54,Male,1,60,Fashion,2,29,3039.94,14,0,52.94,0
CUST-1300,49,Male,2,34,Beauty & Care,3,23,1226.24,4,0,265.78,0
CUST-1301,26,Male,1,56,Fashion,5,18,1134.61,22,0,57.13,0
CUST-1302,58,Male,3,15,Electronics,4,8,428.74,48,1,91.39,1
CUST-1303,52,Female,2,48,Electronics,3,18,1168.94,16,0,197.01,0
CUST-1304,36,Male,1,25,Fashion,5,10,763.81,71,1,246.73,1
CUST-1305,65,Male,1,36,Fashion,1,20,2317.45,17,0,175.76,0
CUST-1306,33,Male,1,8,Beauty & Care,5,10,862.43,15,0,311.84,0
CUST-1307,20,Male,1,9,Electronics,1,2,92.94,180,1,74.91,1
CUST-1308,37,Female,3,58,Beauty & Care,3,29,1245.29,23,0,115.06,0
CUST-1309,41,Female,1,58,Beauty & Care,5,34,2465.68,57,0,362.87,0
CUST-1310,50,Male,2,37,Electronics,2,12,1320.38,57,0,113.96,0
CUST-1311,41,Male,2,48,Beauty & Care,3,19,2414.7,91,0,337.9,1
CUST-1312,69,Male,2,45,Books & Media,3,19,708.26,3,0,74.61,0
CUST-1313,28,Female,1,39,Home & Kitchen,5,20,1923.41,11,0,233.32,0
CUST-1314,66,Female,1,32,Home & Kitchen,4,19,1385.93,51,0,129.83,0
CUST-1315,25,Female,2,58,Books & Media,4,27,2032.38,28,1,99.34,0
CUST-1316,53,Male,3,52,Fashion,3,23,1220.67,28,0,305.16,0
CUST-1317,55,Female,1,17,Electronics,4,13,1019.18,6,1,467.75,0
CUST-1318,57,Male,1,35,Beauty & Care,3,19,982.77,11,0,74.65,0
CUST-1319,37,Male,2,37,Fashion,3,19,1463.46,25,0,239.7,0
CUST-1320,52,Male,3,19,Fashion,4,13,1552.82,11,0,368.39,0
CUST-1321,65,Male,1,44,Electronics,3,15,1559.06,8,0,258.21,0
CUST-1322,42,Female,1,29,Home & Kitchen,1,10,1424.13,3,1,412.92,1
CUST-1323,52,Female,3,59,Electronics,1,29,2922.93,5,0,130.84,0
CUST-1324,42,Male,1,7,Books & Media,1,7,631.65,51,0,481.82,1
CUST-1325,46,Female,1,28,Electronics,5,20,2031.74,44,0,223.32,0
CUST-1326,35,Other,2,9,Electronics,3,5,308.63,1,0,203.71,0
CUST-1327,63,Female,3,28,Fashion,4,13,291.45,7,1,443.57,0
CUST-1328,35,Female,1,6,Electronics,3,6,653.31,28,1,303.74,1
CUST-1329,19,Female,2,29,Home & Kitchen,2,14,435.96,13,0,282.4,0
CUST-1330,52,Other,2,58,Beauty & Care,3,21,2491.61,60,0,377.14,0
CUST-1331,33,Female,2,17,Beauty & Care,4,14,1505.34,53,0,310.93,0
CUST-1332,58,Male,2,16,Electronics,4,4,238.06,77,0,123.13,1
CUST-1333,53,Male,2,23,Electronics,5,11,791.09,28,1,353.39,1
CUST-1334,50,Female,1,31,Beauty & Care,4,21,1777.73,15,0,110.06,0
CUST-1335,21,Male,2,3,Books & Media,3,3,172.0,32,0,412.64,1
CUST-1336,50,Female,2,21,Fashion,4,13,1315.8,3,0,495.38,0
CUST-1337,31,Male,2,26,Fashion,5,17,1765.62,1,1,219.82,0
CUST-1338,38,Male,3,36,Electronics,4,15,625.67,1,0,250.14,0
CUST-1339,65,Male,1,42,Beauty & Care,1,20,1206.13,18,0,70.9,0
CUST-1340,37,Male,3,37,Home & Kitchen,3,14,1174.54,9,0,56.18,0
CUST-1341,25,Female,3,53,Electronics,4,24,2861.22,5,0,464.64,0
CUST-1342,24,Female,1,22,Electronics,4,17,1777.67,33,0,107.88,0
CUST-1343,20,Female,2,42,Beauty & Care,2,24,480.0,180,0,250.6,1
CUST-1344,34,Female,1,12,Electronics,5,9,686.16,6,0,416.91,0
CUST-1345,50,Male,1,42,Electronics,5,18,1785.24,27,0,450.19,0
CUST-1346,65,Female,1,13,Fashion,2,8,488.01,4,0,283.73,0
CUST-1347,29,Female,1,11,Electronics,5,10,586.78,95,0,304.26,1
CUST-1348,68,Female,1,54,Electronics,1,27,1689.97,12,0,351.36,0
CUST-1349,39,Male,3,16,Beauty & Care,1,11,833.37,73,0,482.62,1
CUST-1350,39,Female,1,8,Beauty & Care,2,3,166.88,11,0,321.2,0
CUST-1351,63,Female,3,40,Beauty & Care,1,14,1467.17,57,0,301.76,1
CUST-1352,47,Other,2,59,Beauty & Care,4,38,2248.8,8,1,56.54,0
CUST-1353,55,Female,3,57,Fashion,1,22,1186.14,12,0,86.43,0
CUST-1354,55,Male,2,40,Beauty & Care,2,23,1679.9,7,0,309.73,0
CUST-1355,62,Female,1,45,Fashion,1,17,2199.25,10,0,471.31,0
CUST-1356,68,Female,2,59,Home & Kitchen,2,25,2518.96,63,0,440.01,0
CUST-1357,25,Male,1,2,Books & Media,1,1,102.67,35,0,492.16,1
CUST-1358,44,Female,2,30,Electronics,4,19,1778.16,18,1,287.53,0
CUST-1359,44,Female,3,30,Fashion,2,14,792.27,124,0,404.57,1
CUST-1360,51,Male,1,12,Fashion,5,7,460.59,21,0,428.18,0
CUST-1361,38,Male,1,10,Electronics,4,10,607.0,122,0,341.61,1
CUST-1362,47,Male,2,44,Electronics,1,17,2001.7,7,0,202.44,0
CUST-1363,50,Male,3,11,Beauty & Care,5,5,469.3,82,0,261.49,1
CUST-1364,45,Male,2,15,Books & Media,1,6,209.88,1,0,436.06,0
CUST-1365,64,Female,1,16,Fashion,2,9,1157.22,27,0,184.35,0
CUST-1366,50,Male,2,17,Electronics,1,10,750.41,19,0,465.68,1
CUST-1367,22,Male,1,26,Electronics,3,12,1255.22,26,1,153.41,0
CUST-1368,65,Female,2,2,Beauty & Care,3,1,116.57,28,1,387.28,1
CUST-1369,36,Female,3,50,Fashion,4,24,480.0,17,0,333.75,0
CUST-1370,21,Male,2,12,Electronics,3,8,789.1,180,0,387.32,1
CUST-1371,52,Male,3,51,Fashion,4,28,2167.84,131,1,246.81,1
CUST-1372,66,Male,1,26,Electronics,2,16,320.0,114,0,469.69,1
CUST-1373,34,Female,2,23,Fashion,4,13,663.31,135,0,334.61,1
CUST-1374,61,Male,3,18,Beauty & Care,2,8,570.89,55,1,179.73,1
CUST-1375,45,Female,1,32,Fashion,2,12,1324.43,156,1,337.3,1
CUST-1376,47,Female,3,49,Home & Kitchen,2,29,2311.67,78,0,179.07,1
CUST-1377,46,Male,1,38,Fashion,2,15,1341.65,18,0,182.13,0
CUST-1378,63,Female,2,57,Home & Kitchen,3,24,1783.59,53,0,229.82,0
CUST-1379,23,Other,3,47,Home & Kitchen,4,20,2352.74,85,0,433.59,0
CUST-1380,52,Male,2,3,Electronics,1,3,301.89,43,0,275.13,1
CUST-1381,58,Female,1,38,Fashion,4,16,1438.17,19,0,355.51,0
CUST-1382,54,Female,2,3,Electronics,4,5,253.53,2,0,226.39,0
CUST-1383,41,Female,2,30,Beauty & Care,5,16,1417.52,58,0,168.62,0
CUST-1384,46,Female,3,1,Fashion,2,3,505.37,106,0,479.59,1
CUST-1385,66,Female,1,30,Books & Media,3,11,1197.44,15,0,321.61,0
CUST-1386,63,Female,1,45,Electronics,5,19,1193.57,5,0,470.28,0
CUST-1387,48,Female,2,32,Home & Kitchen,4,15,2108.61,13,0,141.54,0
CUST-1388,52,Female,1,28,Home & Kitchen,3,13,799.48,30,1,116.1,1
CUST-1389,50,Female,2,21,Home & Kitchen,2,10,1064.29,13,0,435.12,0
CUST-1390,69,Female,2,58,Electronics,2,26,2173.96,33,0,356.41,0
CUST-1391,38,Male,3,46,Fashion,3,27,2442.52,119,1,133.96,1
CUST-1392,49,Male,2,13,Home & Kitchen,4,2,183.13,38,0,171.21,0
CUST-1393,40,Male,2,27,Electronics,2,12,930.88,15,0,410.3,0
CUST-1394,50,Male,1,36,Electronics,3,19,1393.08,96,1,254.24,1
CUST-1395,20,Male,1,7,Fashion,3,7,318.46,29,0,351.74,0
CUST-1396,35,Female,1,22,Fashion,3,15,768.74,4,0,193.26,0
CUST-1397,42,Male,1,10,Electronics,4,13,1235.25,24,0,221.55,0
CUST-1398,59,Female,2,39,Electronics,4,20,1290.37,37,0,495.82,0
CUST-1399,48,Male,2,53,Electronics,3,20,1153.99,63,1,161.43,0
CUST-1400,20,Female,2,15,Home & Kitchen,5,13,2207.66,96,1,277.91,1
CUST-1401,57,Female,3,15,Home & Kitchen,2,4,638.72,13,1,429.98,1
CUST-1402,63,Male,3,4,Beauty & Care,2,4,409.7,5,0,157.65,0
CUST-1403,41,Female,3,32,Books & Media,2,18,1919.62,2,0,236.85,0
CUST-1404,67,Male,2,23,Fashion,1,13,788.16,46,0,326.79,0
CUST-1405,49,Female,2,55,Electronics,2,31,1532.73,55,0,266.53,0
CUST-1406,64,Male,1,6,Electronics,1,3,224.37,18,0,256.78,0
CUST-1407,39,Female,1,24,Electronics,4,17,1445.15,17,0,213.13,0
CUST-1408,40,Male,1,20,Books & Media,2,9,957.53,107,0,313.99,1
CUST-1409,19,Female,3,58,Fashion,4,27,812.43,86,0,330.97,0
CUST-1410,44,Female,3,37,Electronics,1,20,2988.35,9,0,343.98,0
CUST-1411,59,Male,1,20,Fashion,5,13,1201.73,53,0,81.67,0
CUST-1412,19,Male,2,12,Fashion,4,9,346.31,34,0,333.97,0
CUST-1413,43,Male,3,33,Home & Kitchen,1,16,1435.59,5,0,478.96,0
CUST-1414,34,Male,1,28,Electronics,4,14,810.97,15,0,293.44,0
CUST-1415,57,Female,1,8,Books & Media,3,5,279.12,6,0,371.87,0
CUST-1416,50,Male,3,1,Fashion,4,1,53.13,12,0,300.53,0
CUST-1417,26,Male,1,37,Electronics,3,7,541.14,33,1,434.63,0
CUST-1418,60,Male,1,22,Beauty & Care,4,12,1776.98,16,0,468.31,0
CUST-1419,65,Female,2,6,Electronics,4,5,438.9,17,0,132.9,0
CUST-1420,56,Male,3,21,Beauty & Care,3,11,1163.98,27,0,246.59,0
CUST-1421,46,Male,2,32,Books & Media,1,18,2036.8,3,0,226.57,0
CUST-1422,59,Male,1,35,Home & Kitchen,4,20,1613.15,46,0,232.35,0
CUST-1423,43,Male,1,15,Home & Kitchen,3,9,451.52,17,1,106.49,1
CUST-1424,52,Female,2,5,Electronics,3,1,37.04,22,0,416.13,0
CUST-1425,67,Male,2,60,Books & Media,1,23,1687.66,128,1,66.09,1
CUST-1426,42,Male,2,56,Fashion,3,24,2863.63,14,1,287.7,0
CUST-1427,41,Female,1,46,Home & Kitchen,5,16,1808.99,36,0,347.85,0
CUST-1428,30,Female,3,50,Books & Media,2,22,2039.21,17,0,143.36,0
CUST-1429,24,Male,1,48,Books & Media,3,17,1643.33,78,0,457.63,0
CUST-1430,53,Female,1,6,Beauty & Care,4,6,485.37,65,0,427.35,0
CUST-1431,62,Female,1,25,Electronics,4,15,1058.33,9,0,261.99,0
CUST-1432,37,Male,1,56,Books & Media,3,23,1445.65,41,0,235.02,0
CUST-1433,18,Female,2,46,Fashion,3,20,817.13,2,0,156.46,0
CUST-1434,25,Female,2,59,Books & Media,5,23,3195.02,115,0,378.5,0
CUST-1435,63,Male,1,56,Home & Kitchen,4,25,2253.34,15,0,109.28,0
CUST-1436,33,Male,2,40,Electronics,1,12,860.71,62,0,356.11,0
CUST-1437,31,Male,1,29,Fashion,1,15,2094.52,13,0,429.11,0
CUST-1438,29,Female,2,7,Fashion,3,3,436.08,35,0,152.81,0
CUST-1439,68,Other,3,40,Home & Kitchen,2,20,3347.1,143,0,439.89,1
CUST-1440,40,Female,1,13,Electronics,2,4,310.2,73,0,65.0,1
CUST-1441,32,Male,2,38,Fashion,5,18,1586.82,6,1,460.75,0
CUST-1442,45,Female,1,18,Electronics,1,14,1463.4,27,0,103.26,0
CUST-1443,51,Female,1,2,Beauty & Care,4,2,269.73,14,0,340.59,0
CUST-1444,19,Male,1,8,Fashion,2,5,434.3,19,0,162.54,0
CUST-1445,49,Male,2,11,Electronics,4,6,333.0,14,0,426.45,0
CUST-1446,40,Female,2,33,Electronics,4,15,935.98,14,0,280.54,0
CUST-1447,39,Male,1,54,Electronics,1,19,2286.14,27,0,110.86,0
CUST-1448,68,Female,3,38,Fashion,3,15,1554.47,7,0,306.95,0
CUST-1449,42,Male,2,48,Electronics,2,27,2154.94,26,0,233.55,0
CUST-1450,39,Male,3,27,Electronics,5,15,1167.59,11,0,347.65,0
CUST-1451,39,Male,2,20,Books & Media,5,9,718.33,11,0,446.86,0
CUST-1452,66,Male,2,12,Beauty & Care,3,7,855.2,46,0,234.23,1
CUST-1453,69,Female,1,43,Fashion,3,28,1717.28,1,0,180.45,0
CUST-1454,59,Male,1,31,Books & Media,3,12,583.17,16,1,56.53,0
CUST-1455,23,Female,3,27,Electronics,4,11,1534.55,18,0,308.68,0
CUST-1456,32,Female,1,32,Fashion,3,12,1029.02,23,1,231.02,0
CUST-1457,60,Female,3,10,Fashion,2,4,330.48,38,0,218.59,1
CUST-1458,54,Male,2,3,Fashion,3,1,105.13,16,0,132.32,0
CUST-1459,50,Female,1,45,Fashion,1,20,1106.65,8,1,243.52,0
CUST-1460,25,Female,1,27,Fashion,4,20,2150.3,75,0,493.0,0
CUST-1461,61,Male,1,35,Fashion,1,10,735.18,138,1,183.99,1
CUST-1462,61,Male,3,31,Home & Kitchen,4,14,1662.78,1,0,319.87,0
CUST-1463,22,Female,1,15,Electronics,2,12,467.86,27,0,399.42,0
CUST-1464,56,Female,1,16,Electronics,2,6,591.12,14,1,387.12,1
CUST-1465,21,Male,1,13,Electronics,4,10,780.63,11,0,197.95,0
CUST-1466,23,Female,1,49,Electronics,5,22,1404.94,14,1,324.89,0
CUST-1467,62,Female,2,35,Fashion,4,19,2054.67,35,0,442.07,0
CUST-1468,49,Female,1,52,Electronics,2,29,2335.96,7,0,56.95,0
CUST-1469,69,Female,3,11,Beauty & Care,2,4,395.92,85,0,246.08,1
CUST-1470,47,Female,1,59,Electronics,5,30,3689.14,21,1,150.92,0
CUST-1471,64,Male,1,21,Electronics,3,9,978.7,13,0,224.88,0
CUST-1472,52,Male,2,51,Home & Kitchen,2,28,1472.49,50,0,237.2,0
CUST-1473,57,Male,1,54,Electronics,5,33,2268.67,1,1,386.0,0
CUST-1474,69,Female,3,11,Fashion,4,8,790.23,19,0,92.22,0
CUST-1475,33,Female,2,30,Home & Kitchen,5,15,1632.24,15,0,280.66,0
CUST-1476,30,Male,1,60,Electronics,5,24,1758.51,14,0,303.89,0
CUST-1477,67,Female,2,48,Electronics,5,26,2364.33,14,0,272.37,0
CUST-1478,59,Female,1,53,Fashion,1,24,2177.94,1,0,379.34,0
CUST-1479,47,Female,1,35,Electronics,1,20,1898.54,5,0,222.71,0
CUST-1480,36,Male,3,22,Electronics,3,7,347.42,5,0,475.24,0
CUST-1481,34,Female,2,38,Electronics,3,15,638.24,156,0,266.81,1
CUST-1482,36,Male,3,31,Electronics,3,16,320.0,1,1,307.05,0
CUST-1483,45,Male,2,14,Fashion,3,6,529.0,6,1,421.49,0
CUST-1484,43,Male,2,24,Home & Kitchen,3,10,440.74,127,0,173.86,1
CUST-1485,54,Male,1,50,Fashion,3,20,2982.04,34,0,83.84,0
CUST-1486,43,Male,1,49,Electronics,1,22,2301.72,20,0,368.5,0
CUST-1487,40,Female,3,32,Electronics,2,13,644.07,2,0,267.36,0
CUST-1488,26,Male,1,36,Beauty & Care,3,13,1547.7,38,0,453.43,0
CUST-1489,29,Female,3,32,Fashion,4,14,1667.75,5,0,492.21,0
CUST-1490,18,Male,2,55,Beauty & Care,2,20,2431.23,38,0,229.6,0
CUST-1491,18,Female,1,15,Fashion,3,7,425.3,135,0,236.95,1
CUST-1492,64,Female,2,43,Fashion,4,22,2342.6,26,0,233.58,0
CUST-1493,51,Male,2,58,Fashion,3,19,2319.33,8,0,196.05,0
CUST-1494,49,Male,1,35,Electronics,1,16,2114.01,34,0,401.76,0
CUST-1495,65,Male,3,3,Fashion,3,3,117.86,25,0,391.55,1
CUST-1496,42,Female,2,16,Fashion,2,7,549.3,26,0,265.39,1
CUST-1497,57,Female,1,5,Electronics,5,4,238.72,22,1,70.1,1
CUST-1498,62,Male,2,21,Electronics,2,8,1127.39,39,1,189.3,1
CUST-1499,18,Female,3,10,Home & Kitchen,4,10,997.32,29,0,181.54,0
CUST-1500,33,Male,1,19,Beauty & Care,1,6,670.42,151,0,414.99,1
CUST-1501,56,Male,3,25,Fashion,3,12,1191.49,61,0,89.41,0
CUST-1502,22,Female,1,4,Electronics,3,7,673.81,10,0,412.55,0
CUST-1503,39,Male,2,29,Electronics,2,17,1004.72,45,0,351.13,0
CUST-1504,46,Female,2,19,Home & Kitchen,3,11,787.65,8,0,379.6,0
CUST-1505,20,Male,1,43,Electronics,2,26,2265.78,53,0,244.5,0
CUST-1506,29,Other,1,2,Books & Media,3,2,131.08,5,0,355.88,0
CUST-1507,43,Male,2,10,Electronics,4,9,540.04,22,0,324.06,0
CUST-1508,33,Male,2,43,Fashion,3,11,867.13,54,0,396.04,0
CUST-1509,68,Female,2,25,Fashion,5,12,802.15,11,0,251.05,0
CUST-1510,54,Male,1,20,Beauty & Care,4,12,1037.93,63,0,262.77,0
CUST-1511,39,Female,3,48,Fashion,3,17,1219.14,36,0,339.61,0
CUST-1512,46,Female,2,19,Fashion,1,9,580.09,17,0,98.63,1
CUST-1513,31,Female,3,23,Books & Media,3,10,571.71,19,1,246.31,1
CUST-1514,45,Female,1,24,Electronics,4,16,1362.93,91,1,487.38,1
CUST-1515,22,Female,2,11,Beauty & Care,2,3,334.95,8,0,66.9,0
CUST-1516,64,Female,2,46,Electronics,4,12,1254.31,41,0,192.2,0
CUST-1517,66,Female,1,34,Home & Kitchen,2,19,744.66,43,0,191.35,0
CUST-1518,47,Female,2,55,Fashion,4,18,1994.27,89,1,335.06,1
CUST-1519,63,Male,1,28,Electronics,1,5,521.57,43,0,97.61,1
CUST-1520,69,Male,2,5,Beauty & Care,5,3,334.85,30,0,332.84,0
CUST-1521,22,Female,2,59,Electronics,3,29,3407.74,81,1,92.77,0
CUST-1522,29,Male,1,5,Electronics,2,5,315.85,61,0,92.73,1
CUST-1523,33,Female,2,51,Fashion,2,23,1748.14,44,0,377.68,0
CUST-1524,43,Male,2,21,Fashion,3,17,2358.14,1,0,195.86,0
CUST-1525,43,Male,1,12,Fashion,5,8,1095.45,16,0,489.84,0
CUST-1526,65,Female,3,50,Electronics,2,16,1323.24,34,0,66.81,0
CUST-1527,38,Female,3,4,Electronics,1,4,412.37,25,0,250.3,1
CUST-1528,56,Male,2,54,Electronics,3,22,2325.8,13,0,100.91,0
CUST-1529,53,Female,1,49,Electronics,3,16,2203.67,5,0,208.12,0
CUST-1530,50,Female,2,42,Fashion,3,15,1430.38,28,1,499.2,0
CUST-1531,47,Male,2,20,Home & Kitchen,4,8,389.05,11,0,449.98,0
CUST-1532,54,Female,1,38,Beauty & Care,2,14,990.08,9,0,71.75,0
CUST-1533,40,Male,2,25,Beauty & Care,5,12,2148.07,17,0,303.47,0
CUST-1534,27,Male,2,14,Electronics,3,9,425.17,53,1,341.52,1
CUST-1535,22,Female,2,11,Fashion,2,3,259.53,23,0,144.29,0
CUST-1536,53,Male,1,32,Electronics,4,20,3088.12,8,1,115.3,0
CUST-1537,51,Female,2,11,Electronics,4,7,427.05,4,0,456.97,0
CUST-1538,69,Female,3,18,Fashion,3,13,260.0,24,1,485.97,1
CUST-1539,48,Male,1,27,Electronics,4,14,280.0,55,0,496.35,0
CUST-1540,27,Female,2,55,Electronics,2,24,1468.17,37,0,405.39,0
CUST-1541,36,Female,3,54,Books & Media,3,25,802.8,9,1,348.58,0
CUST-1542,49,Male,2,18,Fashion,5,7,812.81,20,0,205.58,0
CUST-1543,18,Female,1,56,Fashion,2,21,1953.93,67,0,127.13,0
CUST-1544,22,Female,2,23,Electronics,3,13,272.8,6,0,85.54,0
CUST-1545,62,Female,2,11,Electronics,4,7,259.98,26,0,361.98,0
CUST-1546,21,Female,3,21,Beauty & Care,5,10,1222.04,15,0,403.13,0
CUST-1547,33,Male,2,44,Electronics,3,15,1361.92,4,1,421.9,0
CUST-1548,41,Female,3,5,Fashion,3,2,256.02,1,0,461.19,0
CUST-1549,33,Female,1,23,Electronics,3,14,1659.98,28,0,445.97,0
CUST-1550,19,Female,1,41,Fashion,5,19,959.2,1,1,499.88,0
CUST-1551,66,Female,2,59,Electronics,5,30,3343.77,3,0,159.83,0
CUST-1552,45,Female,1,25,Beauty & Care,2,11,1120.74,14,0,393.49,0
CUST-1553,49,Female,1,41,Beauty & Care,3,19,496.82,1,0,313.91,0
CUST-1554,44,Female,1,54,Home & Kitchen,3,16,706.25,17,0,167.56,0
CUST-1555,37,Female,1,10,Electronics,4,8,1265.04,4,0,491.86,0
CUST-1556,41,Female,1,22,Beauty & Care,4,6,343.02,15,1,454.05,0
CUST-1557,29,Female,3,19,Fashion,4,9,876.11,54,0,107.83,0
CUST-1558,67,Female,1,1,Fashion,5,8,634.24,34,0,61.77,0
CUST-1559,52,Male,2,7,Fashion,1,5,452.56,20,0,359.75,1
CUST-1560,50,Male,2,4,Electronics,2,4,325.06,3,0,321.86,1
CUST-1561,50,Male,3,1,Electronics,3,2,227.91,33,0,471.12,0
CUST-1562,68,Female,1,15,Home & Kitchen,3,10,1131.7,6,0,155.3,0
CUST-1563,60,Female,3,40,Electronics,1,18,1593.68,2,0,87.97,0
CUST-1564,54,Female,2,12,Fashion,1,6,347.19,38,1,166.65,1
CUST-1565,29,Male,2,22,Fashion,4,10,679.36,85,0,58.52,0
CUST-1566,20,Female,2,22,Beauty & Care,5,9,339.5,21,0,66.15,0
CUST-1567,18,Male,3,50,Books & Media,3,24,1799.21,1,1,461.69,0
CUST-1568,50,Male,1,47,Beauty & Care,3,12,384.09,74,0,208.41,0
CUST-1569,57,Female,2,17,Electronics,2,7,640.96,2,0,234.86,0
CUST-1570,27,Female,2,29,Electronics,4,20,1877.6,70,0,58.27,0
CUST-1571,60,Male,2,46,Fashion,4,16,1842.52,17,0,171.73,0
CUST-1572,61,Male,3,14,Electronics,3,5,241.99,15,0,412.13,0
CUST-1573,46,Male,1,50,Electronics,2,23,1159.99,27,0,326.97,0
CUST-1574,30,Male,3,20,Fashion,1,10,1307.41,110,0,389.2,1
CUST-1575,29,Female,1,50,Fashion,1,18,790.89,80,0,251.25,1
CUST-1576,48,Male,1,48,Books & Media,3,31,4542.63,22,0,189.38,0
CUST-1577,63,Female,1,33,Electronics,4,13,744.68,41,0,267.26,0
CUST-1578,19,Female,1,55,Electronics,5,20,1149.86,30,0,195.38,0
CUST-1579,68,Male,2,59,Electronics,3,20,2205.69,41,1,427.54,0
CUST-1580,67,Male,1,43,Beauty & Care,4,28,2841.49,61,1,183.95,0
CUST-1581,52,Male,1,15,Home & Kitchen,5,11,1476.71,1,0,346.89,0
CUST-1582,40,Male,3,12,Beauty & Care,2,6,169.57,13,0,111.64,0
CUST-1583,34,Male,3,40,Beauty & Care,3,16,1616.15,112,0,359.09,0
CUST-1584,43,Female,3,54,Fashion,5,20,1672.42,104,0,460.98,0
CUST-1585,25,Male,3,20,Fashion,3,11,579.68,1,0,323.86,0
CUST-1586,46,Female,2,30,Electronics,5,13,1838.77,7,0,301.93,0
CUST-1587,43,Male,1,38,Fashion,5,24,2209.45,177,0,482.5,1
CUST-1588,27,Female,1,3,Fashion,4,3,249.34,23,0,332.33,0
CUST-1589,43,Female,2,28,Fashion,4,15,1479.3,29,1,166.8,0
CUST-1590,51,Female,1,56,Books & Media,4,26,861.88,6,0,181.58,0
CUST-1591,68,Female,2,26,Books & Media,4,15,713.13,78,0,367.39,0
CUST-1592,58,Female,1,30,Home & Kitchen,3,14,1050.3,9,0,380.95,0
CUST-1593,24,Female,1,13,Home & Kitchen,1,10,944.92,7,0,186.57,0
CUST-1594,21,Female,2,13,Home & Kitchen,3,8,985.91,9,0,205.4,0
CUST-1595,67,Female,2,2,Electronics,4,1,58.45,88,0,495.98,1
CUST-1596,62,Male,2,37,Electronics,1,19,980.42,42,0,95.88,0
CUST-1597,28,Male,2,49,Home & Kitchen,1,25,2501.07,51,1,232.09,0
CUST-1598,46,Female,1,38,Home & Kitchen,2,22,1780.31,16,1,78.1,0
CUST-1599,53,Female,1,2,Electronics,4,2,54.72,83,1,419.49,1
CUST-1600,42,Female,3,36,Books & Media,5,12,689.38,54,1,91.56,0
CUST-1601,38,Female,2,54,Electronics,5,22,1750.03,48,0,353.3,0
CUST-1602,53,Other,1,26,Electronics,3,7,562.62,123,0,75.42,1
CUST-1603,27,Male,3,11,Home & Kitchen,5,6,526.17,15,0,352.78,0
CUST-1604,54,Male,1,8,Electronics,4,7,321.93,33,0,429.37,0
CUST-1605,26,Male,2,44,Electronics,3,20,1621.39,84,0,229.47,0
CUST-1606,41,Male,1,40,Electronics,3,12,1360.95,54,1,284.96,1
CUST-1607,52,Female,2,43,Home & Kitchen,2,18,360.0,29,0,230.69,0
CUST-1608,66,Male,2,22,Fashion,5,8,612.23,2,0,185.22,0
CUST-1609,52,Female,1,20,Home & Kitchen,3,5,175.7,37,0,411.47,0
CUST-1610,65,Male,3,8,Fashion,3,4,336.13,26,1,172.4,1
CUST-1611,53,Female,1,29,Electronics,4,7,279.0,7,0,375.32,0
CUST-1612,35,Female,1,40,Books & Media,3,14,1246.31,74,1,142.79,1
CUST-1613,66,Male,1,26,Electronics,2,22,2943.58,14,1,162.43,0
CUST-1614,56,Female,1,30,Books & Media,4,18,1001.09,17,1,201.41,0
CUST-1615,49,Male,1,17,Fashion,1,7,419.77,39,0,315.12,1
CUST-1616,41,Male,2,20,Books & Media,4,9,638.14,23,0,254.49,0
CUST-1617,40,Male,3,52,Electronics,3,27,2553.13,3,0,385.32,0
CUST-1618,49,Male,2,55,Fashion,4,28,1524.0,17,0,146.11,0
CUST-1619,54,Male,1,16,Electronics,4,7,515.16,3,0,54.8,0
CUST-1620,29,Female,1,46,Electronics,3,12,778.98,7,0,399.45,0
CUST-1621,66,Female,1,43,Fashion,3,17,1207.07,1,1,419.74,0
CUST-1622,30,Female,1,7,Electronics,4,3,284.74,7,0,76.77,0
CUST-1623,40,Male,2,16,Fashion,4,12,1218.38,14,1,324.91,0
CUST-1624,42,Female,1,45,Electronics,4,22,895.31,27,0,220.19,0
CUST-1625,52,Male,2,59,Electronics,5,33,3128.24,88,0,407.25,0
CUST-1626,58,Male,3,47,Home & Kitchen,2,20,3587.46,27,1,443.49,0
CUST-1627,47,Female,2,56,Fashion,3,34,4465.11,42,0,432.95,0
CUST-1628,34,Male,3,48,Fashion,5,20,1314.89,15,0,399.74,0
CUST-1629,66,Female,2,27,Home & Kitchen,3,15,1334.36,48,0,171.07,0
CUST-1630,37,Female,2,53,Beauty & Care,2,28,2351.79,33,0,415.35,0
CUST-1631,65,Male,2,23,Electronics,3,6,592.7,21,0,290.07,0
CUST-1632,42,Male,2,24,Home & Kitchen,1,6,434.0,7,0,73.74,0
CUST-1633,39,Male,1,9,Books & Media,2,2,153.85,12,0,255.62,0
CUST-1634,30,Female,1,35,Home & Kitchen,5,11,693.83,33,0,473.97,0
CUST-1635,36,Male,1,51,Fashion,3,21,2475.13,19,0,449.54,0
CUST-1636,66,Male,2,20,Home & Kitchen,2,11,1037.62,77,0,96.02,1
CUST-1637,53,Male,1,37,Home & Kitchen,5,20,1891.13,9,0,384.86,0
CUST-1638,29,Female,3,42,Fashion,5,30,3646.54,2,1,412.61,0
CUST-1639,58,Male,2,17,Electronics,3,6,731.97,31,0,172.12,0
CUST-1640,36,Male,1,47,Electronics,2,12,1396.02,76,0,262.22,0
CUST-1641,29,Female,1,31,Beauty & Care,4,13,1574.23,15,0,369.94,0
CUST-1642,26,Female,3,55,Electronics,4,19,2505.72,36,1,247.57,0
CUST-1643,24,Male,3,57,Home & Kitchen,4,26,1456.04,9,0,100.76,0
CUST-1644,45,Male,2,8,Fashion,5,3,228.12,28,0,367.65,0
CUST-1645,31,Male,1,15,Fashion,4,9,956.42,54,0,460.24,0
CUST-1646,48,Female,1,31,Electronics,2,13,759.64,70,0,343.62,1
CUST-1647,69,Male,1,53,Electronics,4,25,1852.56,3,0,398.21,0
CUST-1648,36,Female,1,30,Books & Media,3,15,1362.49,15,0,211.26,0
CUST-1649,64,Female,2,46,Beauty & Care,4,24,1874.3,35,0,132.44,0
CUST-1650,33,Female,2,20,Home & Kitchen,4,10,869.81,1,1,339.25,0
CUST-1651,22,Male,2,60,Fashion,1,31,1569.79,41,0,197.5,0
CUST-1652,52,Female,3,39,Home & Kitchen,3,17,1425.75,26,0,437.03,0
CUST-1653,29,Female,2,53,Fashion,3,11,979.23,11,0,105.18,0
CUST-1654,42,Female,2,55,Fashion,3,29,3870.05,58,1,245.06,0
CUST-1655,69,Male,1,12,Electronics,4,4,307.76,11,1,228.53,0
CUST-1656,38,Other,3,49,Home & Kitchen,3,21,1375.33,166,0,472.12,1
CUST-1657,53,Male,1,17,Home & Kitchen,4,7,744.72,59,0,118.91,0
CUST-1658,40,Male,3,42,Books & Media,1,16,320.0,43,0,54.43,0
CUST-1659,33,Male,3,30,Electronics,4,18,1358.63,2,0,157.14,0
CUST-1660,56,Female,1,29,Home & Kitchen,4,13,904.65,82,0,419.12,0
CUST-1661,62,Male,2,19,Fashion,4,7,649.79,54,0,144.19,0
CUST-1662,59,Male,3,46,Fashion,3,32,3916.38,9,0,158.4,0
CUST-1663,56,Male,2,11,Electronics,5,5,657.69,17,0,108.45,0
CUST-1664,31,Male,3,34,Fashion,2,22,2032.99,10,0,371.95,0
CUST-1665,48,Female,3,50,Fashion,1,20,768.99,145,0,81.13,1
CUST-1666,22,Female,1,7,Electronics,3,3,208.72,67,0,199.04,1
CUST-1667,52,Male,1,44,Home & Kitchen,1,17,1238.68,93,0,177.12,1
CUST-1668,40,Male,3,58,Home & Kitchen,5,27,2592.44,54,0,299.82,0
CUST-1669,46,Female,2,34,Fashion,2,13,1126.94,21,0,378.69,0
CUST-1670,60,Male,1,59,Books & Media,4,33,2123.58,8,0,289.79,0
CUST-1671,28,Male,1,20,Electronics,4,12,569.41,8,0,468.96,0
CUST-1672,35,Female,2,50,Electronics,2,28,1650.4,5,0,478.15,0
CUST-1673,64,Female,3,38,Home & Kitchen,4,7,404.88,27,0,212.66,0
CUST-1674,29,Male,3,24,Electronics,1,14,1871.06,88,0,399.96,1
CUST-1675,26,Female,2,10,Electronics,3,5,309.55,168,0,382.46,1
CUST-1676,27,Male,1,32,Electronics,1,16,1388.87,11,1,451.83,1
CUST-1677,61,Female,1,52,Electronics,5,24,2737.28,41,0,251.57,0
CUST-1678,34,Male,3,15,Beauty & Care,5,9,817.62,31,1,288.71,1
CUST-1679,55,Male,1,37,Electronics,2,11,576.62,23,0,237.1,0
CUST-1680,24,Male,1,20,Fashion,2,12,1374.63,38,1,432.67,1
CUST-1681,63,Female,1,3,Electronics,4,4,382.5,16,0,153.37,0
CUST-1682,30,Female,2,37,Home & Kitchen,2,14,280.0,101,0,157.87,1
CUST-1683,57,Male,3,57,Electronics,5,19,2325.06,42,0,217.67,0
CUST-1684,59,Male,1,40,Home & Kitchen,3,21,2335.23,49,0,153.65,0
CUST-1685,26,Female,2,8,Fashion,3,4,380.62,9,1,302.45,1
CUST-1686,67,Male,2,40,Electronics,4,20,2680.86,6,0,110.52,0
CUST-1687,44,Male,3,44,Fashion,3,22,2431.31,17,0,194.08,0
CUST-1688,19,Female,1,56,Electronics,5,18,2139.09,50,0,461.05,0
CUST-1689,22,Male,2,23,Fashion,5,9,1044.83,97,0,234.15,1
CUST-1690,46,Female,1,40,Electronics,2,25,2692.78,19,1,386.71,0
CUST-1691,54,Female,3,11,Beauty & Care,1,11,344.01,52,0,101.06,1
CUST-1692,55,Male,2,46,Electronics,5,19,662.26,22,0,161.4,0
CUST-1693,36,Male,1,8,Home & Kitchen,5,6,663.15,12,0,413.31,0
CUST-1694,25,Male,2,29,Electronics,1,9,1097.55,47,1,393.35,1
CUST-1695,65,Female,2,30,Electronics,4,25,1596.12,56,0,223.77,0
CUST-1696,62,Female,1,56,Fashion,3,16,825.39,7,0,479.48,0
CUST-1697,18,Female,3,60,Beauty & Care,2,22,2043.35,12,0,459.79,0
CUST-1698,39,Male,1,10,Electronics,5,4,165.75,23,0,483.04,0
CUST-1699,69,Female,2,39,Electronics,2,15,1199.0,7,0,242.56,0
CUST-1700,34,Female,1,28,Electronics,5,18,1338.24,92,1,138.86,1
CUST-1701,24,Female,2,49,Electronics,2,28,2191.46,31,0,332.0,0
CUST-1702,42,Female,1,36,Electronics,4,14,1981.46,4,1,358.15,0
CUST-1703,62,Female,3,13,Fashion,2,5,329.9,7,0,106.45,0
CUST-1704,21,Female,2,32,Electronics,3,16,1385.64,108,0,403.92,1
CUST-1705,53,Female,2,36,Electronics,4,18,821.44,46,1,58.13,0
CUST-1706,23,Male,2,37,Home & Kitchen,2,20,2264.22,46,0,267.23,0
CUST-1707,48,Male,2,26,Fashion,3,12,955.35,2,0,198.96,0
CUST-1708,36,Female,1,22,Electronics,3,15,1805.24,78,0,383.14,1
CUST-1709,61,Male,1,4,Electronics,1,7,140.0,20,0,190.74,0
CUST-1710,56,Female,3,31,Home & Kitchen,4,18,1498.61,37,0,422.06,0
CUST-1711,44,Other,1,18,Electronics,3,9,800.67,112,0,317.73,1
CUST-1712,27,Female,2,38,Fashion,3,10,1123.46,3,1,407.25,0
CUST-1713,43,Male,3,24,Electronics,3,12,788.88,23,1,495.2,0
CUST-1714,36,Male,1,56,Fashion,3,22,2389.3,1,0,355.62,0
CUST-1715,56,Male,2,23,Electronics,1,9,622.59,24,1,493.23,1
CUST-1716,20,Female,2,22,Fashion,3,10,878.13,10,1,62.98,1
CUST-1717,62,Female,2,2,Beauty & Care,3,2,225.32,84,0,202.16,1
CUST-1718,30,Female,1,31,Fashion,4,16,913.71,17,0,98.53,0
CUST-1719,67,Male,1,55,Electronics,4,27,2894.87,35,0,168.04,0
CUST-1720,45,Female,2,11,Electronics,3,8,760.38,68,0,427.5,1
CUST-1721,37,Female,3,28,Electronics,1,10,749.9,144,0,64.55,1
CUST-1722,45,Male,2,46,Electronics,2,21,1364.03,24,1,284.08,0
CUST-1723,25,Female,2,32,Electronics,2,15,329.63,21,0,305.21,0
CUST-1724,58,Male,1,5,Home & Kitchen,2,4,330.37,2,0,302.52,0
CUST-1725,56,Male,2,38,Fashion,3,19,1425.76,1,0,263.88,0
CUST-1726,18,Female,1,10,Fashion,2,6,625.04,32,0,405.77,0
CUST-1727,20,Male,3,40,Fashion,2,19,1921.66,2,0,110.09,0
CUST-1728,30,Female,3,46,Fashion,1,19,2224.97,16,0,189.76,0
CUST-1729,45,Female,2,24,Electronics,1,5,591.01,1,0,327.08,0
CUST-1730,66,Female,3,35,Beauty & Care,1,22,3952.65,33,0,360.93,0
CUST-1731,42,Male,1,44,Electronics,2,16,1606.56,19,0,231.87,0
CUST-1732,50,Female,2,48,Home & Kitchen,3,26,1538.83,4,0,443.92,0
CUST-1733,55,Female,1,60,Home & Kitchen,3,24,2634.86,12,0,236.97,0
CUST-1734,23,Female,3,23,Home & Kitchen,2,11,1464.95,29,0,231.25,1
CUST-1735,61,Male,1,17,Fashion,3,12,1190.96,37,0,66.29,0
CUST-1736,62,Male,2,1,Electronics,3,3,63.81,21,0,298.01,0
CUST-1737,49,Female,3,55,Fashion,2,22,2236.54,57,0,368.91,1
CUST-1738,62,Male,1,31,Fashion,1,13,859.35,4,1,101.5,0
CUST-1739,64,Female,1,31,Fashion,3,14,634.79,3,0,187.44,0
CUST-1740,38,Female,2,42,Beauty & Care,4,22,1993.21,1,0,401.57,0
CUST-1741,33,Female,2,57,Electronics,2,22,862.96,26,1,214.66,0
CUST-1742,38,Female,1,55,Electronics,2,19,2198.19,42,1,158.72,1
CUST-1743,28,Female,1,42,Electronics,5,13,1390.04,4,0,352.49,0
CUST-1744,54,Female,1,53,Electronics,2,21,1730.4,35,1,138.54,0
CUST-1745,53,Female,3,56,Fashion,2,22,1506.95,22,0,453.04,0
CUST-1746,52,Female,2,34,Home & Kitchen,5,16,1271.63,152,0,97.52,1
CUST-1747,36,Male,1,9,Home & Kitchen,4,3,164.02,44,1,367.95,1
CUST-1748,37,Male,1,22,Beauty & Care,3,10,826.89,37,0,274.8,0
CUST-1749,35,Female,1,13,Beauty & Care,3,7,140.0,29,0,441.47,0
CUST-1750,64,Male,1,25,Beauty & Care,2,15,1314.92,180,0,106.79,1
CUST-1751,58,Male,1,48,Electronics,1,17,1503.25,137,0,355.05,1
CUST-1752,66,Male,1,18,Home & Kitchen,3,6,662.13,27,0,307.42,0
CUST-1753,31,Female,1,51,Electronics,1,15,1409.92,21,0,266.04,0
CUST-1754,32,Female,2,12,Electronics,3,7,800.24,21,1,271.13,1
CUST-1755,48,Female,1,40,Home & Kitchen,5,25,2535.27,19,1,374.89,0
CUST-1756,18,Female,2,17,Electronics,5,8,928.77,26,1,471.98,1
CUST-1757,20,Female,2,15,Electronics,2,11,1800.07,11,0,91.06,0
CUST-1758,33,Male,2,42,Electronics,4,21,2049.61,91,0,58.78,0
CUST-1759,40,Female,2,15,Electronics,3,8,724.17,23,1,412.57,1
CUST-1760,28,Male,2,15,Beauty & Care,5,10,1206.11,64,1,98.68,1
CUST-1761,29,Female,3,55,Electronics,2,21,1490.01,22,0,494.01,0
CUST-1762,27,Female,2,39,Electronics,1,10,814.24,44,0,328.71,0
CUST-1763,49,Male,2,13,Fashion,2,8,781.04,14,0,342.89,0
CUST-1764,33,Male,3,17,Fashion,3,7,610.21,34,0,139.5,0
CUST-1765,25,Male,2,32,Beauty & Care,3,19,1653.71,24,0,158.14,0
CUST-1766,55,Male,1,9,Electronics,4,5,559.97,16,1,346.71,0
CUST-1767,29,Male,1,40,Fashion,4,15,511.78,74,0,459.38,0
CUST-1768,41,Female,1,20,Home & Kitchen,2,9,1314.03,4,0,492.08,0
CUST-1769,45,Female,3,26,Books & Media,3,20,1991.54,23,0,139.11,0
CUST-1770,25,Female,2,27,Fashion,1,12,875.91,7,0,110.35,0
CUST-1771,45,Female,3,21,Beauty & Care,5,7,936.89,69,0,75.38,0
CUST-1772,53,Female,2,18,Electronics,5,10,881.06,10,0,440.73,0
CUST-1773,43,Female,2,13,Fashion,5,6,533.38,35,0,182.62,0
CUST-1774,25,Male,1,16,Fashion,5,7,549.91,6,0,50.82,0
CUST-1775,67,Female,2,9,Beauty & Care,2,4,516.12,18,0,150.72,1
CUST-1776,45,Male,2,12,Electronics,1,6,508.32,80,0,203.2,1
CUST-1777,45,Female,3,44,Electronics,3,13,887.22,6,0,495.94,0
CUST-1778,54,Female,1,38,Electronics,5,18,2069.34,38,1,285.59,1
CUST-1779,58,Female,2,19,Electronics,2,6,722.93,8,0,142.12,0
CUST-1780,53,Male,2,60,Electronics,1,26,3463.15,18,1,200.67,0
CUST-1781,44,Female,2,7,Books & Media,4,4,416.03,27,0,198.64,0
CUST-1782,34,Female,2,57,Fashion,1,29,3462.25,30,1,58.88,0
CUST-1783,26,Male,2,35,Home & Kitchen,3,19,1467.23,32,1,110.83,1
CUST-1784,50,Male,1,48,Home & Kitchen,4,12,1389.29,35,0,362.84,0
CUST-1785,37,Female,2,18,Fashion,2,11,1180.03,11,0,104.11,0
CUST-1786,30,Male,2,16,Electronics,1,11,1110.05,17,0,153.83,0
CUST-1787,45,Female,3,55,Electronics,4,31,1186.87,1,1,207.83,0
CUST-1788,65,Male,3,39,Electronics,4,21,1540.45,51,0,390.98,0
CUST-1789,46,Male,1,4,Home & Kitchen,5,3,250.89,63,0,312.08,0
CUST-1790,30,Female,1,59,Fashion,3,36,3634.12,7,0,360.05,0
CUST-1791,63,Male,3,25,Electronics,1,6,942.13,7,1,305.16,1
CUST-1792,52,Female,2,32,Fashion,4,20,2215.55,1,0,357.62,0
CUST-1793,23,Male,3,40,Books & Media,3,17,1031.89,123,0,51.28,1
CUST-1794,35,Male,1,13,Beauty & Care,2,7,494.15,57,0,468.9,1
CUST-1795,68,Female,2,45,Beauty & Care,4,26,3294.09,15,0,99.91,0
CUST-1796,22,Female,3,17,Home & Kitchen,2,6,415.64,23,0,232.81,0
CUST-1797,64,Female,3,49,Electronics,2,25,2889.03,12,0,396.97,0
CUST-1798,42,Female,1,37,Home & Kitchen,1,20,1770.33,31,0,245.85,0
CUST-1799,19,Female,2,6,Electronics,3,7,560.06,44,1,476.08,1
CUST-1800,27,Male,2,19,Home & Kitchen,3,11,767.01,20,0,260.42,0
CUST-1801,47,Male,1,13,Home & Kitchen,3,11,220.0,72,0,443.72,1
CUST-1802,67,Female,2,57,Electronics,4,17,1720.27,25,0,414.87,0
CUST-1803,62,Female,2,60,Home & Kitchen,5,27,1442.77,5,0,491.44,0
CUST-1804,22,Female,3,26,Beauty & Care,2,9,382.04,34,0,466.95,0
CUST-1805,50,Male,2,14,Electronics,1,6,554.6,21,0,454.16,0
CUST-1806,18,Male,1,31,Beauty & Care,1,16,1854.18,96,0,379.22,1
CUST-1807,35,Female,1,54,Electronics,2,20,681.92,17,0,215.15,0
CUST-1808,49,Female,1,4,Fashion,4,4,460.41,18,0,97.76,0
CUST-1809,64,Female,1,60,Fashion,4,28,1621.31,36,1,359.89,0
CUST-1810,66,Female,2,39,Fashion,4,26,2716.17,26,0,490.39,0
CUST-1811,28,Female,1,8,Books & Media,2,11,1126.05,16,1,376.97,1
CUST-1812,38,Male,3,25,Beauty & Care,3,13,1024.41,160,0,467.93,1
CUST-1813,43,Male,3,13,Home & Kitchen,3,7,601.27,12,0,411.94,0
CUST-1814,42,Male,2,32,Electronics,1,12,877.37,11,0,123.4,0
CUST-1815,39,Male,3,59,Beauty & Care,4,19,1765.22,69,1,162.14,0
CUST-1816,44,Female,2,38,Electronics,5,16,1482.26,1,0,203.84,0
CUST-1817,66,Male,2,38,Beauty & Care,3,18,1031.1,7,0,125.72,0
CUST-1818,30,Female,1,56,Electronics,4,24,1062.36,31,0,311.74,0
CUST-1819,50,Male,2,28,Electronics,3,17,1959.26,6,0,488.95,0
CUST-1820,51,Male,2,53,Home & Kitchen,2,23,2095.77,148,0,392.66,1
CUST-1821,58,Male,3,30,Electronics,3,15,1666.43,21,0,240.52,0
CUST-1822,52,Male,2,3,Electronics,2,3,194.66,31,0,52.03,0
CUST-1823,18,Female,3,28,Electronics,1,10,602.67,6,1,190.97,1
CUST-1824,38,Male,2,3,Electronics,4,5,273.22,11,0,287.04,0
CUST-1825,65,Female,1,45,Electronics,5,14,1114.08,33,0,195.91,0
CUST-1826,23,Male,3,54,Electronics,3,25,2299.33,27,0,99.97,0
CUST-1827,45,Male,2,34,Fashion,3,18,1236.33,53,1,249.24,0
CUST-1828,34,Male,1,16,Electronics,5,8,1055.56,10,1,163.96,0
CUST-1829,22,Female,2,22,Home & Kitchen,4,13,854.56,37,1,459.15,1
CUST-1830,48,Female,1,32,Electronics,4,13,1202.03,12,0,95.79,0
CUST-1831,22,Male,2,38,Books & Media,2,17,994.65,30,1,72.12,0
CUST-1832,55,Male,2,8,Beauty & Care,5,6,388.84,32,0,52.39,0
CUST-1833,20,Female,1,55,Electronics,2,19,1565.79,4,0,197.63,0
CUST-1834,40,Male,3,8,Home & Kitchen,4,3,180.06,27,0,347.17,0
CUST-1835,54,Male,2,57,Beauty & Care,1,22,1929.01,1,0,378.69,0
CUST-1836,54,Female,1,6,Books & Media,4,2,196.42,24,1,253.97,1
CUST-1837,27,Female,2,14,Fashion,2,9,1060.21,41,0,357.95,1
CUST-1838,27,Male,3,32,Electronics,3,13,683.84,2,0,211.96,0
CUST-1839,36,Female,1,35,Home & Kitchen,3,15,1350.53,97,1,350.51,1
CUST-1840,34,Female,1,10,Fashion,2,4,332.57,21,1,68.27,1
CUST-1841,38,Male,1,3,Home & Kitchen,4,2,59.11,97,0,225.84,1
CUST-1842,31,Female,1,59,Electronics,5,29,1482.96,3,0,405.88,0
CUST-1843,26,Female,3,12,Beauty & Care,5,1,99.25,104,1,411.35,1
CUST-1844,63,Male,2,49,Books & Media,2,24,1066.09,4,0,372.27,0
CUST-1845,18,Male,1,59,Electronics,4,29,2401.12,21,0,141.91,0
CUST-1846,68,Male,2,31,Electronics,4,7,149.29,97,0,161.24,1
CUST-1847,62,Female,1,29,Electronics,3,19,1556.32,9,0,498.24,0
CUST-1848,30,Male,3,5,Beauty & Care,1,2,46.79,1,1,96.52,1
CUST-1849,21,Female,3,52,Home & Kitchen,4,23,1537.84,55,0,131.3,0
CUST-1850,18,Female,1,25,Home & Kitchen,5,16,1149.89,31,0,108.51,0
CUST-1851,66,Male,3,41,Fashion,4,24,2128.58,25,0,197.44,0
CUST-1852,57,Female,2,31,Fashion,3,11,851.66,1,0,144.58,0
CUST-1853,49,Male,1,21,Electronics,3,9,431.31,37,0,273.96,0
CUST-1854,51,Female,1,58,Fashion,2,28,1357.54,6,0,264.21,0
CUST-1855,45,Female,2,20,Home & Kitchen,4,8,292.61,93,0,455.68,1
CUST-1856,48,Male,2,39,Books & Media,4,20,1823.89,40,0,65.63,0
CUST-1857,25,Male,3,22,Books & Media,2,9,808.84,42,0,193.95,0
CUST-1858,56,Male,2,4,Books & Media,5,2,210.16,9,0,318.5,0
CUST-1859,43,Male,3,13,Fashion,2,6,419.97,74,0,322.16,1
CUST-1860,51,Male,2,45,Fashion,5,15,494.55,27,0,266.06,0
CUST-1861,20,Male,3,42,Home & Kitchen,3,18,1359.36,68,1,417.05,1
CUST-1862,67,Other,2,50,Books & Media,2,25,2133.29,11,0,78.22,0
CUST-1863,29,Male,1,49,Electronics,3,15,750.86,49,0,416.97,0
CUST-1864,18,Male,2,20,Electronics,3,10,529.05,29,0,272.64,0
CUST-1865,61,Female,3,52,Electronics,1,26,2561.72,1,1,110.19,0
CUST-1866,22,Male,1,13,Fashion,3,3,264.06,18,0,448.57,0
CUST-1867,47,Female,3,17,Electronics,3,5,594.93,7,1,342.15,1
CUST-1868,47,Female,1,54,Electronics,4,26,3553.24,15,0,123.6,0
CUST-1869,34,Female,2,36,Electronics,1,17,678.57,16,1,65.14,0
CUST-1870,65,Male,3,33,Electronics,3,27,1955.72,22,1,113.5,0
CUST-1871,64,Male,1,1,Beauty & Care,1,2,177.42,32,0,323.96,1
CUST-1872,40,Male,1,15,Electronics,4,9,863.16,29,0,130.68,0
CUST-1873,32,Female,1,13,Home & Kitchen,1,4,461.91,1,0,151.59,0
CUST-1874,54,Male,3,17,Fashion,5,10,1068.59,48,0,61.31,0
CUST-1875,38,Male,1,24,Beauty & Care,4,7,834.07,104,0,375.32,1
CUST-1876,31,Other,3,58,Electronics,3,18,1563.13,15,0,414.66,0
CUST-1877,19,Male,1,8,Books & Media,3,11,727.59,6,0,408.58,0
CUST-1878,28,Male,3,50,Fashion,2,26,3730.97,27,0,107.41,0
CUST-1879,68,Male,3,27,Books & Media,2,10,896.0,42,0,456.49,0
CUST-1880,56,Female,2,45,Beauty & Care,5,15,1166.17,39,0,352.53,0
CUST-1881,55,Male,2,23,Electronics,5,11,581.17,33,0,453.89,0
CUST-1882,51,Female,2,46,Electronics,1,21,1885.47,5,1,251.22,0
CUST-1883,55,Female,2,8,Electronics,3,7,805.94,63,0,246.63,1
CUST-1884,67,Male,1,8,Fashion,4,3,209.96,19,0,403.04,0
CUST-1885,51,Female,1,59,Electronics,4,27,2186.96,8,0,91.98,0
CUST-1886,35,Male,1,26,Electronics,1,15,1387.12,3,0,284.39,0
CUST-1887,47,Male,1,47,Fashion,2,20,1983.3,18,0,426.37,0
CUST-1888,32,Female,1,59,Electronics,2,29,2238.94,33,0,423.59,0
CUST-1889,44,Female,2,13,Electronics,4,7,512.34,38,1,480.26,1
CUST-1890,68,Female,3,39,Fashion,3,22,1532.9,115,0,364.22,1
CUST-1891,51,Female,1,37,Electronics,3,16,828.83,5,0,143.5,0
CUST-1892,69,Male,2,49,Fashion,5,18,1114.1,148,1,59.13,1
CUST-1893,55,Male,1,28,Fashion,4,14,855.23,37,0,265.74,0
CUST-1894,50,Male,3,25,Fashion,5,9,348.61,21,1,281.17,0
CUST-1895,41,Male,3,16,Beauty & Care,3,7,803.52,76,1,158.12,1
CUST-1896,32,Male,3,55,Fashion,2,29,2777.82,41,0,106.11,0
CUST-1897,47,Male,3,2,Fashion,5,6,535.6,15,0,313.79,0
CUST-1898,59,Male,1,54,Fashion,3,29,3599.96,75,0,393.92,0
CUST-1899,68,Male,3,18,Beauty & Care,2,12,1278.43,38,0,496.92,0
CUST-1900,34,Female,2,17,Beauty & Care,3,14,858.36,42,0,391.24,0
CUST-1901,22,Female,1,30,Beauty & Care,1,16,1923.23,79,1,407.13,1
CUST-1902,46,Male,3,39,Home & Kitchen,3,15,1712.52,20,0,327.41,0
CUST-1903,21,Female,1,13,Electronics,5,6,308.77,37,0,493.67,0
CUST-1904,27,Female,2,32,Electronics,5,19,2129.59,47,0,337.98,0
CUST-1905,34,Male,1,50,Electronics,5,18,1277.69,21,0,437.11,0
CUST-1906,27,Female,1,29,Books & Media,2,11,1264.06,3,0,475.6,0
CUST-1907,34,Female,2,46,Home & Kitchen,3,22,1646.96,51,1,468.44,1
CUST-1908,37,Female,2,30,Home & Kitchen,1,17,1173.0,1,0,221.64,0
CUST-1909,41,Male,1,18,Electronics,5,8,576.73,44,0,85.4,0
CUST-1910,22,Female,1,13,Beauty & Care,3,4,223.34,84,0,127.34,0
CUST-1911,51,Male,3,43,Electronics,4,22,892.96,14,0,76.65,0
CUST-1912,23,Female,1,21,Electronics,4,12,240.0,3,0,97.43,0
CUST-1913,19,Female,1,30,Fashion,3,13,693.68,9,0,133.09,0
CUST-1914,30,Female,3,21,Fashion,3,10,1639.19,28,0,203.49,0
CUST-1915,60,Female,3,48,Fashion,5,16,1589.57,100,1,294.59,1
CUST-1916,60,Female,1,55,Beauty & Care,5,26,3664.09,25,0,370.26,0
CUST-1917,65,Male,2,17,Electronics,2,9,679.09,4,0,144.92,0
CUST-1918,28,Male,3,40,Fashion,3,14,993.3,34,0,352.64,0
CUST-1919,68,Female,3,19,Fashion,5,15,2047.44,46,0,366.92,0
CUST-1920,64,Male,2,52,Electronics,1,34,3273.28,17,0,301.38,0
CUST-1921,40,Male,1,15,Beauty & Care,3,9,507.08,44,0,456.63,0
CUST-1922,33,Male,1,9,Home & Kitchen,1,5,519.94,13,0,99.95,0
CUST-1923,48,Male,1,52,Home & Kitchen,3,21,2573.06,54,1,129.7,0
CUST-1924,28,Female,2,10,Beauty & Care,1,6,252.98,14,0,242.9,0
CUST-1925,33,Female,1,44,Home & Kitchen,3,16,1583.04,10,0,107.02,0
CUST-1926,25,Female,2,31,Electronics,2,17,750.52,73,0,304.83,1
CUST-1927,21,Female,1,53,Home & Kitchen,3,12,1450.83,27,0,229.28,0
CUST-1928,57,Male,1,23,Electronics,5,7,643.45,11,1,178.07,0
CUST-1929,21,Male,3,52,Electronics,4,18,1870.02,95,0,126.5,0
CUST-1930,42,Female,2,30,Electronics,4,18,1412.58,41,1,200.9,1
CUST-1931,20,Male,1,33,Home & Kitchen,4,17,536.38,8,0,323.58,0
CUST-1932,49,Female,3,57,Home & Kitchen,1,31,2224.47,33,0,309.1,0
CUST-1933,20,Female,1,52,Electronics,2,25,2822.38,71,0,123.63,0
CUST-1934,44,Male,2,9,Home & Kitchen,5,1,144.81,41,0,106.21,0
CUST-1935,46,Female,2,54,Beauty & Care,3,19,1775.91,9,0,62.0,0
CUST-1936,49,Female,1,47,Electronics,1,31,1996.69,36,0,55.59,0
CUST-1937,67,Female,3,1,Electronics,4,3,303.21,33,0,445.91,0
CUST-1938,68,Male,2,44,Home & Kitchen,2,24,2644.72,60,0,70.29,0
CUST-1939,36,Male,2,35,Electronics,2,13,1156.77,6,1,379.05,1
CUST-1940,38,Female,1,11,Fashion,5,5,435.68,42,0,442.39,0
CUST-1941,22,Male,1,34,Electronics,5,24,2193.8,1,0,94.13,0
CUST-1942,35,Male,3,16,Fashion,3,8,690.45,41,0,246.34,0
CUST-1943,45,Female,1,9,Home & Kitchen,5,3,281.8,113,0,483.04,1
CUST-1944,59,Male,2,32,Home & Kitchen,4,17,2377.06,6,0,425.36,0
CUST-1945,39,Female,2,15,Beauty & Care,4,7,168.01,13,0,270.37,0
CUST-1946,38,Female,2,12,Beauty & Care,1,7,544.92,30,1,393.16,1
CUST-1947,23,Female,1,33,Home & Kitchen,2,16,912.47,46,0,425.02,0
CUST-1948,18,Male,1,45,Home & Kitchen,4,14,1685.94,14,0,206.61,0
CUST-1949,22,Female,2,14,Electronics,5,5,403.87,38,0,451.47,0
CUST-1950,58,Male,1,57,Fashion,4,31,3155.53,80,0,261.71,0
CUST-1951,29,Male,1,57,Electronics,2,28,3578.94,45,0,287.51,0
CUST-1952,43,Female,1,8,Beauty & Care,1,9,473.13,43,0,499.87,1
CUST-1953,63,Male,1,8,Electronics,4,2,138.35,16,0,429.49,0
CUST-1954,51,Male,3,27,Fashion,2,11,1371.95,84,1,212.8,1
CUST-1955,66,Female,1,12,Electronics,3,5,256.84,11,0,54.66,0
CUST-1956,31,Male,1,1,Home & Kitchen,1,2,140.37,8,0,331.78,0
CUST-1957,43,Male,1,43,Beauty & Care,1,24,887.74,15,0,366.76,0
CUST-1958,62,Female,2,40,Fashion,4,17,2140.32,36,0,342.86,0
CUST-1959,44,Female,2,42,Beauty & Care,4,23,1553.94,69,0,485.54,0
CUST-1960,26,Female,1,51,Electronics,3,23,2197.3,4,0,438.34,0
CUST-1961,43,Male,2,11,Fashion,2,11,1158.07,58,0,251.97,0
CUST-1962,64,Male,2,39,Beauty & Care,4,16,974.45,58,1,78.29,1
CUST-1963,39,Male,3,43,Electronics,2,23,641.24,30,1,264.23,0
CUST-1964,64,Male,3,31,Books & Media,3,11,862.58,50,0,360.16,0
CUST-1965,47,Female,1,17,Electronics,5,10,779.25,7,1,323.47,0
CUST-1966,60,Male,1,33,Electronics,2,15,1247.77,6,0,292.16,0
CUST-1967,65,Male,1,32,Beauty & Care,5,16,1333.61,69,0,260.97,0
CUST-1968,34,Female,1,58,Electronics,2,31,2171.14,24,1,182.19,0
CUST-1969,43,Female,3,29,Books & Media,3,12,826.49,9,0,174.81,0
CUST-1970,53,Female,1,21,Books & Media,3,12,1127.17,40,0,275.1,1
CUST-1971,18,Male,1,21,Electronics,5,8,482.27,77,0,122.27,0
CUST-1972,25,Male,2,40,Fashion,2,23,1889.23,35,0,203.31,0
CUST-1973,66,Male,2,23,Electronics,3,13,885.45,14,1,195.79,0
CUST-1974,52,Male,1,56,Fashion,5,21,1971.23,23,0,314.21,0
CUST-1975,69,Female,1,6,Electronics,3,5,591.29,48,0,80.01,1
CUST-1976,32,Female,1,22,Electronics,3,10,1194.81,2,0,423.35,0
CUST-1977,64,Female,2,50,Fashion,2,19,2349.9,8,0,303.07,0
CUST-1978,39,Female,1,38,Fashion,4,21,1574.52,21,0,351.87,0
CUST-1979,31,Male,1,37,Books & Media,1,22,1704.97,32,0,366.39,0
CUST-1980,43,Female,2,45,Beauty & Care,1,26,1220.22,14,0,181.17,0
CUST-1981,45,Male,1,51,Home & Kitchen,3,22,1643.92,12,0,261.67,0
CUST-1982,40,Female,2,54,Fashion,3,21,1591.69,1,1,480.31,0
CUST-1983,31,Female,2,8,Beauty & Care,5,6,398.91,1,0,395.02,0
CUST-1984,41,Male,1,41,Electronics,5,19,1260.58,11,0,486.3,0
CUST-1985,19,Male,3,49,Home & Kitchen,4,24,817.66,26,0,385.81,0
CUST-1986,62,Female,2,35,Books & Media,4,17,760.62,28,1,129.02,0
CUST-1987,43,Male,1,51,Electronics,4,21,1813.06,23,1,79.04,0
CUST-1988,31,Male,2,11,Home & Kitchen,2,4,349.85,18,0,309.95,0
CUST-1989,68,Male,2,24,Beauty & Care,4,12,1193.9,10,0,211.02,0
CUST-1990,24,Female,2,49,Beauty & Care,2,23,1776.36,17,0,173.96,0
CUST-1991,20,Female,1,21,Home & Kitchen,3,13,1109.55,5,0,413.24,0
CUST-1992,64,Female,3,51,Electronics,4,26,3185.4,4,0,215.15,0
CUST-1993,40,Male,1,2,Electronics,3,5,417.06,12,0,192.65,0
CUST-1994,63,Female,1,40,Electronics,5,24,1584.91,180,1,432.49,1
CUST-1995,60,Male,1,19,Home & Kitchen,2,9,443.44,13,0,430.83,0
CUST-1996,64,Female,1,39,Electronics,4,13,1416.02,96,1,210.36,1
CUST-1997,62,Female,3,28,Beauty & Care,1,12,406.8,17,0,424.62,0
CUST-1998,35,Male,1,59,Electronics,4,34,2034.81,20,0,432.85,0
CUST-1999,55,Male,1,17,Electronics,4,10,975.57,55,0,240.77,0
CUST-2000,52,Male,3,6,Fashion,3,7,194.62,3,0,79.91,0
CUST-2001,68,Male,1,19,Home & Kitchen,2,11,732.26,7,0,50.71,0
CUST-2002,32,Male,1,56,Electronics,1,30,2666.25,127,1,285.48,1
CUST-2003,42,Female,1,38,Fashion,1,19,1396.5,24,1,204.83,0
CUST-2004,54,Female,1,28,Fashion,4,16,888.31,1,1,498.71,0
CUST-2005,45,Male,1,2,Electronics,5,1,67.2,1,0,397.58,0
CUST-2006,27,Male,2,38,Electronics,2,17,1861.66,83,1,392.57,1
CUST-2007,56,Male,1,55,Beauty & Care,4,15,2099.12,72,1,479.86,0
CUST-2008,34,Female,1,37,Fashion,5,14,1248.59,21,0,449.48,0
CUST-2009,56,Male,2,51,Electronics,3,19,481.68,6,0,193.18,0
CUST-2010,39,Female,2,52,Beauty & Care,4,17,1734.73,62,0,124.69,0
CUST-2011,43,Female,1,4,Books & Media,4,5,365.54,13,0,385.65,0
CUST-2012,61,Female,2,22,Fashion,2,7,364.96,19,0,220.22,1
CUST-2013,42,Female,1,26,Fashion,2,9,548.93,40,1,262.93,1
CUST-2014,34,Male,2,49,Beauty & Care,1,14,871.73,15,0,333.68,0
CUST-2015,30,Female,2,43,Books & Media,5,25,1066.86,34,0,458.54,0
CUST-2016,37,Male,1,36,Home & Kitchen,5,9,747.97,75,1,238.59,1
CUST-2017,42,Male,3,58,Fashion,4,34,4754.71,55,0,402.49,0
CUST-2018,21,Female,1,13,Fashion,1,9,468.22,16,1,170.75,1
CUST-2019,27,Female,2,52,Home & Kitchen,3,23,3195.17,11,0,364.09,0
CUST-2020,20,Female,1,58,Electronics,1,27,2463.57,11,0,50.71,0
CUST-2021,58,Male,2,32,Fashion,1,13,1068.77,15,0,442.18,0
CUST-2022,62,Male,2,17,Beauty & Care,4,7,527.39,23,0,63.67,0
CUST-2023,35,Female,3,41,Home & Kitchen,5,25,1520.39,18,0,370.74,0
CUST-2024,64,Male,1,36,Fashion,5,15,1406.33,4,0,70.82,0
CUST-2025,53,Female,2,55,Home & Kitchen,4,26,2617.14,6,0,169.81,0
CUST-2026,64,Female,2,60,Electronics,1,21,420.0,14,1,273.74,0
CUST-2027,39,Female,2,46,Fashion,2,21,3387.11,28,0,238.97,0
CUST-2028,51,Male,2,19,Home & Kitchen,3,6,184.02,31,0,136.33,0
CUST-2029,64,Male,2,58,Electronics,4,29,2010.57,23,0,200.22,0
CUST-2030,25,Male,1,60,Electronics,4,21,420.0,46,0,377.47,0
CUST-2031,57,Female,1,35,Books & Media,3,19,1462.29,46,0,351.17,0
CUST-2032,66,Male,2,46,Electronics,3,19,1351.97,19,1,82.32,0
CUST-2033,61,Female,1,40,Electronics,1,20,1392.98,4,0,386.29,0
CUST-2034,36,Male,3,56,Books & Media,2,29,2729.77,26,0,73.87,0
CUST-2035,59,Other,2,59,Home & Kitchen,3,26,2019.83,16,0,294.32,0
CUST-2036,58,Male,3,28,Home & Kitchen,1,17,1719.59,5,0,167.03,0
CUST-2037,54,Male,1,1,Beauty & Care,3,1,47.88,140,1,314.46,1
CUST-2038,23,Male,3,42,Electronics,5,22,1921.07,16,0,167.6,0
CUST-2039,69,Female,3,18,Home & Kitchen,3,11,726.55,34,0,493.23,0
CUST-2040,43,Female,2,48,Fashion,1,22,1625.58,23,0,189.38,0
CUST-2041,51,Female,2,40,Beauty & Care,2,16,1489.77,5,0,158.88,0
CUST-2042,62,Male,1,33,Fashion,3,15,1048.06,2,0,175.31,0
CUST-2043,23,Male,3,12,Fashion,3,2,163.69,34,0,453.41,0
CUST-2044,54,Female,2,8,Fashion,3,11,554.1,9,1,336.3,1
CUST-2045,50,Male,1,24,Fashion,3,12,1414.38,9,1,378.81,1
CUST-2046,39,Male,1,16,Home & Kitchen,3,10,1068.53,110,0,463.1,1
CUST-2047,38,Other,3,50,Fashion,4,17,1495.99,21,0,460.34,0
CUST-2048,23,Female,3,4,Home & Kitchen,3,2,155.44,1,0,382.53,0
CUST-2049,23,Female,3,38,Fashion,4,11,900.56,14,1,139.02,1
CUST-2050,65,Female,2,44,Fashion,3,18,2109.97,30,1,429.52,0
CUST-2051,21,Male,1,27,Home & Kitchen,1,15,1570.92,13,1,141.7,0
CUST-2052,47,Male,1,9,Beauty & Care,3,6,706.35,1,1,384.3,0
CUST-2053,28,Female,1,47,Home & Kitchen,3,24,1793.84,20,0,358.52,0
CUST-2054,47,Female,1,16,Books & Media,5,10,995.02,3,1,391.5,0
CUST-2055,48,Male,1,56,Beauty & Care,4,24,2895.85,33,0,289.71,0
CUST-2056,41,Male,1,12,Fashion,5,7,400.51,33,0,337.43,0
CUST-2057,26,Male,1,31,Home & Kitchen,5,11,608.62,1,0,478.99,0
CUST-2058,20,Female,3,24,Books & Media,4,13,1212.33,12,0,95.49,0
CUST-2059,68,Female,1,55,Fashion,3,21,1006.99,18,0,188.98,0
CUST-2060,48,Female,3,14,Beauty & Care,3,7,213.68,27,0,325.11,0
CUST-2061,57,Male,2,45,Home & Kitchen,5,22,2645.27,12,0,483.82,0
CUST-2062,54,Female,1,25,Fashion,4,13,1631.07,11,1,93.01,0
CUST-2063,53,Female,1,34,Electronics,1,15,743.99,142,0,60.15,1
CUST-2064,41,Male,1,3,Fashion,4,6,252.24,1,0,75.09,0
CUST-2065,48,Male,1,58,Books & Media,2,25,1635.11,157,0,73.58,1
CUST-2066,23,Male,2,24,Home & Kitchen,3,11,1348.43,1,0,458.52,0
CUST-2067,19,Male,1,54,Fashion,2,26,1889.62,11,0,374.57,0
CUST-2068,37,Female,1,42,Books & Media,4,17,1493.29,23,0,354.7,0
CUST-2069,45,Male,1,9,Fashion,5,8,757.98,5,0,285.16,0
CUST-2070,28,Female,3,26,Fashion,2,17,1533.66,5,0,401.88,0
CUST-2071,21,Male,2,20,Home & Kitchen,1,12,1557.87,10,1,120.04,1
CUST-2072,32,Male,2,40,Home & Kitchen,2,23,1458.28,127,0,226.37,1
CUST-2073,23,Male,1,10,Electronics,4,5,409.67,16,0,270.5,0
CUST-2074,66,Male,2,19,Fashion,3,10,919.73,29,0,99.68,0
CUST-2075,47,Female,2,3,Fashion,2,2,167.06,42,1,238.78,1
CUST-2076,55,Female,2,24,Fashion,2,12,581.12,47,0,192.43,0
CUST-2077,68,Female,3,5,Fashion,3,6,244.94,40,1,66.01,1
CUST-2078,19,Female,1,3,Fashion,2,3,120.59,14,1,111.53,1
CUST-2079,32,Male,3,58,Electronics,4,33,3523.99,4,1,393.82,0
CUST-2080,28,Male,3,27,Fashion,1,18,1086.98,11,1,58.12,1
CUST-2081,25,Male,1,16,Electronics,4,12,1188.94,8,0,470.41,0
CUST-2082,43,Female,2,49,Fashion,2,24,2102.45,5,0,88.89,0
CUST-2083,68,Male,3,15,Beauty & Care,3,5,278.77,1,1,409.66,0
CUST-2084,62,Male,1,35,Home & Kitchen,2,14,791.04,96,0,454.38,1
CUST-2085,61,Female,2,12,Fashion,4,7,623.14,88,0,473.51,0
CUST-2086,22,Male,3,41,Electronics,5,19,1659.28,1,0,440.36,0
CUST-2087,23,Male,2,53,Electronics,5,26,2593.79,6,0,179.4,0
CUST-2088,43,Male,1,44,Fashion,3,22,1568.05,5,1,199.89,0
CUST-2089,21,Female,2,26,Electronics,3,14,834.38,11,0,241.95,0
CUST-2090,36,Female,1,47,Fashion,4,16,1412.74,7,0,112.68,0
CUST-2091,37,Female,2,34,Electronics,4,13,1658.77,102,1,60.02,1
CUST-2092,50,Male,1,23,Beauty & Care,2,6,172.2,3,1,441.1,0
CUST-2093,37,Other,2,31,Fashion,4,17,1037.48,8,0,299.36,0
CUST-2094,66,Female,2,50,Electronics,3,22,2259.69,2,0,323.93,0
CUST-2095,29,Male,2,20,Beauty & Care,2,21,1921.39,137,0,467.14,1
CUST-2096,64,Female,2,12,Electronics,2,8,825.2,87,0,349.3,1
CUST-2097,18,Male,2,23,Electronics,2,16,1153.77,44,0,360.88,0
CUST-2098,43,Female,2,4,Fashion,3,4,146.57,19,0,404.14,0
CUST-2099,31,Female,1,23,Fashion,2,7,946.01,7,0,102.36,1
CUST-2100,55,Male,2,48,Home & Kitchen,2,20,2350.3,8,0,212.07,0
CUST-2101,54,Female,1,55,Electronics,2,15,1264.12,20,0,485.69,0
CUST-2102,28,Female,3,48,Fashion,3,28,1673.01,51,0,465.32,0
CUST-2103,53,Female,1,1,Electronics,4,4,281.13,10,0,447.83,0
CUST-2104,30,Male,1,54,Electronics,3,18,1653.71,13,0,253.44,0
CUST-2105,60,Male,2,25,Beauty & Care,1,13,1006.86,32,0,435.74,0
CUST-2106,20,Male,2,2,Home & Kitchen,2,3,253.7,9,0,71.78,0
CUST-2107,50,Female,1,30,Electronics,5,17,2266.17,30,0,116.83,0
CUST-2108,23,Male,2,3,Fashion,3,2,225.42,17,1,236.29,1
CUST-2109,67,Female,2,58,Electronics,3,22,1097.29,1,0,267.53,0
CUST-2110,27,Female,2,21,Beauty & Care,1,18,1571.54,18,0,168.58,0
CUST-2111,22,Male,1,25,Electronics,4,9,624.5,88,0,210.41,1
CUST-2112,40,Female,2,20,Electronics,3,11,1033.32,12,1,123.25,0
CUST-2113,27,Male,2,49,Fashion,2,18,1495.8,13,0,270.11,0
CUST-2114,61,Female,2,52,Fashion,1,19,3306.59,2,0,407.23,0
CUST-2115,19,Female,2,22,Fashion,3,6,587.27,33,0,347.61,0
CUST-2116,30,Male,2,21,Electronics,4,8,647.8,66,0,98.51,0
CUST-2117,57,Male,1,33,Electronics,5,13,1823.77,15,1,269.41,0
CUST-2118,19,Male,1,52,Fashion,4,19,1732.16,9,0,363.94,0
CUST-2119,37,Female,1,38,Electronics,4,15,591.57,109,0,288.45,1
CUST-2120,18,Female,1,15,Beauty & Care,1,9,731.4,47,0,226.25,1
CUST-2121,54,Female,1,58,Electronics,3,28,2895.51,29,0,329.86,0
CUST-2122,26,Male,2,58,Fashion,4,34,3384.22,12,0,485.89,0
CUST-2123,34,Male,1,46,Home & Kitchen,2,18,2072.79,8,0,92.71,0
CUST-2124,26,Male,3,52,Electronics,5,21,1881.84,44,0,225.51,0
CUST-2125,28,Female,1,15,Fashion,2,8,699.95,25,0,232.97,0
CUST-2126,32,Female,2,46,Beauty & Care,3,24,1030.22,25,0,309.64,0
CUST-2127,41,Male,2,25,Electronics,4,11,1439.38,2,1,118.48,0
CUST-2128,55,Male,1,21,Beauty & Care,4,8,606.66,25,1,129.49,0
CUST-2129,52,Female,1,24,Fashion,4,6,333.68,60,1,178.41,1
CUST-2130,47,Female,2,57,Electronics,1,28,4587.44,102,0,480.14,1
CUST-2131,48,Female,1,58,Fashion,4,23,3114.26,3,1,380.35,0
CUST-2132,66,Female,3,5,Electronics,3,5,357.84,34,0,347.76,0
CUST-2133,22,Male,2,6,Home & Kitchen,3,7,200.06,29,0,417.63,0
CUST-2134,61,Male,3,49,Home & Kitchen,5,25,1586.15,77,1,107.41,0
CUST-2135,67,Female,1,43,Beauty & Care,4,35,4633.09,48,0,436.7,0
CUST-2136,31,Female,2,48,Books & Media,1,19,1715.73,117,0,317.67,1
CUST-2137,28,Male,2,44,Home & Kitchen,4,24,1068.41,112,0,200.9,1
CUST-2138,26,Female,2,47,Fashion,1,19,2061.87,8,0,417.13,0
CUST-2139,51,Female,1,23,Electronics,1,15,1180.56,45,0,411.15,1
CUST-2140,29,Female,2,4,Fashion,3,2,131.08,26,0,430.57,0
CUST-2141,52,Female,2,27,Electronics,5,7,474.7,8,0,101.98,0
CUST-2142,52,Male,2,18,Home & Kitchen,2,11,1366.11,7,0,486.21,0
CUST-2143,18,Female,1,21,Fashion,4,15,1520.99,2,0,481.83,0
CUST-2144,57,Female,3,28,Electronics,2,12,485.02,55,0,210.86,1
CUST-2145,39,Female,1,35,Electronics,4,19,1824.3,13,0,79.65,0
CUST-2146,46,Female,3,22,Fashion,3,9,794.06,68,1,125.18,1
CUST-2147,25,Female,3,40,Fashion,4,14,1013.43,32,0,496.77,0
CUST-2148,28,Male,3,23,Fashion,2,11,813.67,39,0,303.36,0
CUST-2149,58,Female,2,3,Fashion,4,4,236.19,12,0,210.48,0
CUST-2150,54,Female,1,40,Fashion,5,16,1041.99,21,0,179.69,0
CUST-2151,31,Female,3,50,Home & Kitchen,4,30,2810.75,18,0,165.65,0
CUST-2152,47,Female,1,10,Electronics,3,3,230.02,9,0,348.87,0
CUST-2153,52,Female,2,25,Electronics,5,12,1216.45,62,0,238.72,0
CUST-2154,38,Male,2,52,Fashion,1,19,1167.56,34,0,484.43,0
CUST-2155,54,Female,2,49,Fashion,4,24,2549.4,1,0,357.73,0
CUST-2156,22,Male,1,8,Electronics,5,6,746.6,60,0,406.42,0
CUST-2157,36,Male,2,55,Fashion,1,25,2119.91,3,0,181.73,0
CUST-2158,31,Female,3,11,Electronics,3,10,1006.19,18,0,85.63,0
CUST-2159,43,Female,1,5,Fashion,2,4,407.16,29,1,269.52,1
CUST-2160,21,Male,3,58,Fashion,3,24,1678.49,1,0,191.56,0
CUST-2161,42,Male,1,45,Fashion,4,17,1732.32,37,0,140.94,0
CUST-2162,62,Female,1,53,Beauty & Care,3,22,440.0,37,0,478.69,0
CUST-2163,59,Male,1,55,Electronics,3,16,320.0,36,0,249.79,0
CUST-2164,42,Male,1,37,Books & Media,2,28,2103.24,6,0,128.62,0
CUST-2165,35,Male,3,56,Fashion,3,28,2912.11,10,0,139.39,0
CUST-2166,57,Male,1,59,Fashion,2,27,2226.11,9,0,176.32,0
CUST-2167,25,Male,1,45,Home & Kitchen,5,17,1825.4,112,0,499.69,1
CUST-2168,56,Male,1,38,Home & Kitchen,1,14,685.27,2,0,170.61,0
CUST-2169,57,Male,2,29,Fashion,5,10,1114.85,19,0,197.96,0
CUST-2170,31,Female,2,5,Fashion,3,2,267.73,71,0,346.7,1
CUST-2171,49,Female,1,9,Electronics,3,5,320.54,51,0,182.28,1
CUST-2172,68,Female,1,59,Electronics,4,36,3892.68,60,0,147.11,0
CUST-2173,55,Male,3,48,Fashion,3,24,2056.43,125,0,121.39,0
CUST-2174,50,Male,1,2,Electronics,3,2,196.51,17,0,190.71,0
CUST-2175,40,Female,2,1,Fashion,1,2,267.61,12,1,97.66,1
CUST-2176,32,Male,1,40,Electronics,3,15,1422.29,1,0,58.39,0
CUST-2177,50,Female,2,60,Home & Kitchen,2,32,3453.86,5,0,412.09,0
CUST-2178,42,Female,1,51,Beauty & Care,1,16,753.74,28,0,112.05,0
CUST-2179,34,Female,2,30,Books & Media,3,10,1070.09,6,1,399.19,0
CUST-2180,50,Male,1,11,Fashion,1,6,799.8,46,0,408.89,1
CUST-2181,64,Male,3,28,Home & Kitchen,2,11,630.24,1,0,292.06,0
CUST-2182,19,Female,1,44,Beauty & Care,1,17,1280.26,10,0,189.36,0
CUST-2183,31,Male,2,12,Fashion,1,9,950.25,41,0,115.26,0
CUST-2184,57,Female,1,39,Electronics,2,12,1181.2,10,0,381.56,0
CUST-2185,57,Female,1,26,Books & Media,5,11,486.29,45,0,320.62,0
CUST-2186,68,Other,2,13,Fashion,1,7,629.63,180,0,344.95,1
CUST-2187,56,Male,1,59,Fashion,4,19,1425.37,55,0,53.9,0
CUST-2188,68,Female,3,8,Electronics,2,6,335.64,14,1,467.38,1
CUST-2189,23,Female,3,54,Electronics,5,22,2765.44,80,0,79.83,0
CUST-2190,23,Male,3,28,Beauty & Care,1,16,1362.62,1,0,215.06,0
CUST-2191,20,Male,1,58,Fashion,5,26,2976.78,45,0,231.22,0
CUST-2192,24,Female,2,30,Electronics,4,18,896.36,1,0,50.61,0
CUST-2193,68,Male,1,9,Electronics,1,5,513.34,6,0,273.69,0
CUST-2194,25,Male,3,39,Fashion,5,18,2103.31,153,0,388.76,1
CUST-2195,59,Male,2,31,Fashion,3,16,1243.77,15,0,420.47,0
CUST-2196,69,Female,3,58,Electronics,2,21,1471.78,60,0,445.73,0
CUST-2197,32,Female,2,21,Beauty & Care,4,12,550.46,16,0,269.47,0
CUST-2198,64,Female,2,56,Electronics,5,24,1415.0,64,0,333.79,0
CUST-2199,46,Male,1,47,Fashion,3,15,1071.32,117,0,85.78,1
